,,,,,Sensor_Package_Name,Sensor_Package_Name,Sensor_Package_Name,Sensor_Package_Name,Sensor_Package_Name
,,,,,AirBeam3:e868e738841c,AirBeam3:e868e738841c,AirBeam3:e868e738841c,AirBeam3:e868e738841c,AirBeam3:e868e738841c
,,,,,Sensor_Name,Sensor_Name,Sensor_Name,Sensor_Name,Sensor_Name
,,,,,AirBeam3-F,AirBeam3-PM1,AirBeam3-PM10,AirBeam3-PM2.5,AirBeam3-RH
,,,,,Measurement_Type,Measurement_Type,Measurement_Type,Measurement_Type,Measurement_Type
,,,,,Temperature,Particulate Matter,Particulate Matter,Particulate Matter,Humidity
,,,,,Measurement_Units,Measurement_Units,Measurement_Units,Measurement_Units,Measurement_Units
,,,,,degrees Fahrenheit,micrograms per cubic meter,micrograms per cubic meter,micrograms per cubic meter,percent
ObjectID,Session_Name,Timestamp,Latitude,Longitude,1:Measurement_Value,2:Measurement_Value,3:Measurement_Value,4:Measurement_Value,5:Measurement_Value
1,Morning,2026-02-05T08:44:56.000,43.665408894,-79.392754957,55.0,2.0,2.0,2.0,33.0
2,Morning,2026-02-05T08:44:57.000,43.665402626,-79.392748225,56.0,1.0,1.0,1.0,27.0
3,Morning,2026-02-05T08:44:58.000,43.66539959,-79.392743231,55.0,1.0,1.0,1.0,27.0
4,Morning,2026-02-05T08:44:59.000,43.665389167,-79.392742273,55.0,1.0,1.0,1.0,27.0
5,Morning,2026-02-05T08:45:00.000,43.665374117,-79.392741866,56.0,1.0,1.0,1.0,26.0
6,Morning,2026-02-05T08:45:01.000,43.665361297,-79.392741712,56.0,1.0,1.0,1.0,26.0
7,Morning,2026-02-05T08:45:02.000,43.665347436,-79.392735373,56.0,1.0,1.0,1.0,26.0
8,Morning,2026-02-05T08:45:03.000,43.665334191,-79.392731659,56.0,1.0,1.0,1.0,26.0
9,Morning,2026-02-05T08:45:04.000,43.665322053,-79.392727822,56.0,1.0,1.0,1.0,26.0
10,Morning,2026-02-05T08:45:05.000,43.665300461,-79.392725407,56.0,1.0,1.0,1.0,26.0
11,Morning,2026-02-05T08:45:06.000,43.665285825,-79.392719542,55.0,1.0,1.0,1.0,25.0
12,Morning,2026-02-05T08:45:07.000,43.665266608,-79.392714764,55.0,1.0,1.0,1.0,25.0
13,Morning,2026-02-05T08:45:08.000,43.665260178,-79.392714536,55.0,1.0,1.0,1.0,25.0
14,Morning,2026-02-05T08:45:10.000,43.665222117,-79.39270241,55.0,,,,
15,Morning,2026-02-05T08:45:10.000,43.66524068,-79.39270866,55.0,1.0,,,
16,Morning,2026-02-05T08:45:10.000,43.665222117,-79.39270241,,1.0,1.0,,
17,Morning,2026-02-05T08:45:10.000,43.66524068,-79.39270866,,,1.0,,
18,Morning,2026-02-05T08:45:10.000,43.665222117,-79.39270241,,,,1.0,
19,Morning,2026-02-05T08:45:10.000,43.66524068,-79.39270866,,,,1.0,
20,Morning,2026-02-05T08:45:10.000,43.665222117,-79.39270241,,,,,25.0
21,Morning,2026-02-05T08:45:10.000,43.66524068,-79.39270866,,,,,25.0
22,Morning,2026-02-05T08:45:11.000,43.665208647,-79.392703255,55.0,1.0,1.0,1.0,25.0
23,Morning,2026-02-05T08:45:12.000,43.66519311,-79.392700244,55.0,1.0,1.0,1.0,24.0
24,Morning,2026-02-05T08:45:13.000,43.665181119,-79.392698473,55.0,1.0,1.0,1.0,24.0
25,Morning,2026-02-05T08:45:15.000,43.665150601,-79.392691112,55.0,1.0,1.0,1.0,24.0
26,Morning,2026-02-05T08:45:16.000,43.665137014,-79.392688478,55.0,0.0,0.0,0.0,24.0
27,Morning,2026-02-05T08:45:17.000,43.665122523,-79.392683233,55.0,0.0,0.0,0.0,24.0
28,Morning,2026-02-05T08:45:18.000,43.665109748,-79.39267861,55.0,0.0,0.0,0.0,24.0
29,Morning,2026-02-05T08:45:19.000,43.665096671,-79.392673877,55.0,0.0,0.0,0.0,24.0
30,Morning,2026-02-05T08:45:20.000,43.665082117,-79.39266861,55.0,0.0,0.0,0.0,23.0
31,Morning,2026-02-05T08:45:21.000,43.665067773,-79.39266217,55.0,0.0,0.0,0.0,23.0
32,Morning,2026-02-05T08:45:22.000,43.665054976,-79.392656292,55.0,1.0,1.0,1.0,23.0
33,Morning,2026-02-05T08:45:23.000,43.665043765,-79.392651141,55.0,1.0,1.0,1.0,23.0
34,Morning,2026-02-05T08:45:24.000,43.665034339,-79.392646502,55.0,1.0,1.0,1.0,23.0
35,Morning,2026-02-05T08:45:25.000,43.66501771,-79.392639206,55.0,1.0,1.0,1.0,23.0
36,Morning,2026-02-05T08:45:26.000,43.665005049,-79.392632469,55.0,1.0,1.0,1.0,23.0
37,Morning,2026-02-05T08:45:27.000,43.664992079,-79.392626584,55.0,1.0,1.0,1.0,23.0
38,Morning,2026-02-05T08:45:28.000,43.664977066,-79.392619772,55.0,1.0,1.0,1.0,23.0
39,Morning,2026-02-05T08:45:29.000,43.664962145,-79.39261364,55.0,1.0,1.0,1.0,23.0
40,Morning,2026-02-05T08:45:30.000,43.664948755,-79.392606812,55.0,1.0,1.0,1.0,23.0
41,Morning,2026-02-05T08:45:31.000,43.664934752,-79.392599671,55.0,1.0,1.0,1.0,22.0
42,Morning,2026-02-05T08:45:32.000,43.66492165,-79.39259299,55.0,1.0,1.0,1.0,22.0
43,Morning,2026-02-05T08:45:33.000,43.664909682,-79.392586887,55.0,1.0,1.0,1.0,22.0
44,Morning,2026-02-05T08:45:34.000,43.664896906,-79.392580356,55.0,0.0,0.0,0.0,22.0
45,Morning,2026-02-05T08:45:35.000,43.664883795,-79.392573817,55.0,0.0,0.0,0.0,22.0
46,Morning,2026-02-05T08:45:36.000,43.664871144,-79.392567507,55.0,0.0,0.0,0.0,22.0
47,Morning,2026-02-05T08:45:37.000,43.664856479,-79.392560193,55.0,0.0,0.0,0.0,22.0
48,Morning,2026-02-05T08:45:38.000,43.664843916,-79.392553927,55.0,0.0,0.0,0.0,22.0
49,Morning,2026-02-05T08:45:39.000,43.664830063,-79.392547018,55.0,0.0,0.0,0.0,22.0
50,Morning,2026-02-05T08:45:40.000,43.664817137,-79.392540571,55.0,0.0,0.0,0.0,22.0
51,Morning,2026-02-05T08:45:41.000,43.664805023,-79.392534351,55.0,0.0,0.0,0.0,22.0
52,Morning,2026-02-05T08:45:42.000,43.66479136,-79.392527359,55.0,0.0,0.0,0.0,22.0
53,Morning,2026-02-05T08:45:43.000,43.66477709,-79.392519919,55.0,0.0,0.0,0.0,22.0
54,Morning,2026-02-05T08:45:44.000,43.664763436,-79.392514551,55.0,0.0,0.0,0.0,22.0
55,Morning,2026-02-05T08:45:46.000,43.664736844,-79.392499125,55.0,,,,
56,Morning,2026-02-05T08:45:46.000,43.664749565,-79.392507905,55.0,,,,
57,Morning,2026-02-05T08:45:46.000,43.664736844,-79.392499125,,0.0,,,
58,Morning,2026-02-05T08:45:46.000,43.664749565,-79.392507905,,0.0,0.0,,
59,Morning,2026-02-05T08:45:46.000,43.664736844,-79.392499125,,,0.0,,
60,Morning,2026-02-05T08:45:46.000,43.664749565,-79.392507905,,,,0.0,
61,Morning,2026-02-05T08:45:46.000,43.664736844,-79.392499125,,,,0.0,22.0
62,Morning,2026-02-05T08:45:46.000,43.664749565,-79.392507905,,,,,22.0
63,Morning,2026-02-05T08:45:47.000,43.6647243,-79.392496746,55.0,0.0,0.0,0.0,22.0
64,Morning,2026-02-05T08:45:48.000,43.664712024,-79.392494312,55.0,0.0,0.0,0.0,22.0
65,Morning,2026-02-05T08:45:49.000,43.664699703,-79.392489891,55.0,0.0,0.0,0.0,22.0
66,Morning,2026-02-05T08:45:50.000,43.664687582,-79.392485671,55.0,0.0,0.0,0.0,22.0
67,Morning,2026-02-05T08:45:51.000,43.664677552,-79.392481733,55.0,0.0,0.0,0.0,22.0
68,Morning,2026-02-05T08:45:52.000,43.664663121,-79.392487487,55.0,0.0,0.0,0.0,22.0
69,Morning,2026-02-05T08:45:53.000,43.664648561,-79.392489768,55.0,0.0,0.0,0.0,22.0
70,Morning,2026-02-05T08:45:54.000,43.664635942,-79.392493164,55.0,0.0,0.0,0.0,22.0
71,Morning,2026-02-05T08:45:55.000,43.664625102,-79.392494007,55.0,0.0,0.0,0.0,22.0
72,Morning,2026-02-05T08:45:56.000,43.664612385,-79.392496427,55.0,0.0,0.0,0.0,22.0
73,Morning,2026-02-05T08:45:57.000,43.664604831,-79.392504296,55.0,0.0,0.0,0.0,22.0
74,Morning,2026-02-05T08:45:58.000,43.664599513,-79.392517259,55.0,0.0,0.0,0.0,22.0
75,Morning,2026-02-05T08:45:59.000,43.664589884,-79.392532489,55.0,0.0,0.0,0.0,22.0
76,Morning,2026-02-05T08:46:00.000,43.664569351,-79.392587678,55.0,0.0,0.0,0.0,22.0
77,Morning,2026-02-05T08:46:01.000,43.664572055,-79.392596006,55.0,0.0,0.0,0.0,22.0
78,Morning,2026-02-05T08:46:02.000,43.664579149,-79.392613978,55.0,0.0,0.0,0.0,22.0
79,Morning,2026-02-05T08:46:03.000,43.664584356,-79.392635742,54.0,0.0,0.0,0.0,22.0
80,Morning,2026-02-05T08:46:04.000,43.664589034,-79.392660881,54.0,0.0,0.0,0.0,22.0
81,Morning,2026-02-05T08:46:05.000,43.664595972,-79.392687674,54.0,0.0,0.0,0.0,22.0
82,Morning,2026-02-05T08:46:06.000,43.664608971,-79.3927167,54.0,0.0,0.0,0.0,22.0
83,Morning,2026-02-05T08:46:07.000,43.664618203,-79.392735426,54.0,1.0,1.0,1.0,22.0
84,Morning,2026-02-05T08:46:08.000,43.664617747,-79.392753485,54.0,1.0,1.0,1.0,22.0
85,Morning,2026-02-05T08:46:09.000,43.664616346,-79.392773838,54.0,1.0,1.0,1.0,22.0
86,Morning,2026-02-05T08:46:10.000,43.664623928,-79.392794332,54.0,1.0,1.0,1.0,22.0
87,Morning,2026-02-05T08:46:11.000,43.664627401,-79.392813957,54.0,1.0,1.0,1.0,22.0
88,Morning,2026-02-05T08:46:12.000,43.664633953,-79.392829685,54.0,1.0,1.0,1.0,22.0
89,Morning,2026-02-05T08:46:13.000,43.664642907,-79.392847489,54.0,1.0,1.0,1.0,22.0
90,Morning,2026-02-05T08:46:14.000,43.664648473,-79.392861314,54.0,1.0,1.0,1.0,22.0
91,Morning,2026-02-05T08:46:15.000,43.664645553,-79.392871144,54.0,1.0,1.0,1.0,22.0
92,Morning,2026-02-05T08:46:16.000,43.664652954,-79.392892865,54.0,0.0,0.0,0.0,22.0
93,Morning,2026-02-05T08:46:17.000,43.664659105,-79.392911227,54.0,0.0,0.0,0.0,22.0
94,Morning,2026-02-05T08:46:18.000,43.664665389,-79.392930008,54.0,0.0,0.0,0.0,22.0
95,Morning,2026-02-05T08:46:19.000,43.664671648,-79.392948714,54.0,0.0,0.0,0.0,22.0
96,Morning,2026-02-05T08:46:20.000,43.664677244,-79.392965441,54.0,0.0,0.0,0.0,22.0
97,Morning,2026-02-05T08:46:21.000,43.664683258,-79.392983415,54.0,1.0,1.0,1.0,22.0
98,Morning,2026-02-05T08:46:22.000,43.664688893,-79.393000257,54.0,1.0,1.0,1.0,22.0
99,Morning,2026-02-05T08:46:23.000,43.664694402,-79.393016897,54.0,0.0,0.0,0.0,22.0
100,Morning,2026-02-05T08:46:24.000,43.664701109,-79.393030624,54.0,0.0,0.0,0.0,22.0
101,Morning,2026-02-05T08:46:25.000,43.664705666,-79.39305113,54.0,0.0,0.0,0.0,22.0
102,Morning,2026-02-05T08:46:26.000,43.66471155,-79.393069015,54.0,0.0,0.0,0.0,22.0
103,Morning,2026-02-05T08:46:27.000,43.664717813,-79.393088268,54.0,0.0,0.0,0.0,22.0
104,Morning,2026-02-05T08:46:28.000,43.664723951,-79.393102262,54.0,0.0,0.0,0.0,22.0
105,Morning,2026-02-05T08:46:29.000,43.664732545,-79.393116911,54.0,0.0,0.0,0.0,22.0
106,Morning,2026-02-05T08:46:30.000,43.664738155,-79.393138373,54.0,0.0,0.0,0.0,21.0
107,Morning,2026-02-05T08:46:31.000,43.664742693,-79.393156959,54.0,0.0,0.0,0.0,21.0
108,Morning,2026-02-05T08:46:32.000,43.664753083,-79.393173169,54.0,0.0,0.0,0.0,21.0
109,Morning,2026-02-05T08:46:33.000,43.664760171,-79.393190063,54.0,0.0,0.0,0.0,21.0
110,Morning,2026-02-05T08:46:34.000,43.664765243,-79.393214252,54.0,0.0,0.0,0.0,21.0
111,Morning,2026-02-05T08:46:35.000,43.664774206,-79.393224912,54.0,0.0,0.0,0.0,21.0
112,Morning,2026-02-05T08:46:37.000,43.664786134,-79.393257937,54.0,0.0,0.0,0.0,21.0
113,Morning,2026-02-05T08:46:39.000,43.664798687,-79.393292691,54.0,0.0,0.0,0.0,21.0
114,Morning,2026-02-05T08:46:40.000,43.664798687,-79.393292691,54.0,,,,
115,Morning,2026-02-05T08:46:40.000,43.664805327,-79.393308596,54.0,0.0,,,
116,Morning,2026-02-05T08:46:40.000,43.664798687,-79.393292691,,0.0,,,
117,Morning,2026-02-05T08:46:40.000,43.664805327,-79.393308596,,,0.0,,
118,Morning,2026-02-05T08:46:40.000,43.664798687,-79.393292691,,,0.0,,
119,Morning,2026-02-05T08:46:40.000,43.664805327,-79.393308596,,,,0.0,
120,Morning,2026-02-05T08:46:40.000,43.664798687,-79.393292691,,,,0.0,21.0
121,Morning,2026-02-05T08:46:40.000,43.664805327,-79.393308596,,,,,21.0
122,Morning,2026-02-05T08:46:41.000,43.66481139,-79.393323019,54.0,0.0,0.0,0.0,21.0
123,Morning,2026-02-05T08:46:42.000,43.664819152,-79.393341484,53.0,0.0,0.0,0.0,22.0
124,Morning,2026-02-05T08:46:43.000,43.664827854,-79.393356205,53.0,0.0,0.0,0.0,21.0
125,Morning,2026-02-05T08:46:45.000,43.664840418,-79.393390058,53.0,0.0,0.0,0.0,22.0
126,Morning,2026-02-05T08:46:46.000,43.664853163,-79.393398795,53.0,0.0,0.0,0.0,22.0
127,Morning,2026-02-05T08:46:48.000,43.664860485,-79.393419041,53.0,0.0,0.0,0.0,22.0
128,Morning,2026-02-05T08:46:49.000,43.664871333,-79.393433392,53.0,0.0,0.0,0.0,22.0
129,Morning,2026-02-05T08:46:50.000,43.664879413,-79.393449953,53.0,0.0,0.0,0.0,22.0
130,Morning,2026-02-05T08:46:52.000,43.66487867,-79.39348042,53.0,0.0,0.0,0.0,22.0
131,Morning,2026-02-05T08:46:53.000,43.66489984,-79.393491517,53.0,0.0,0.0,0.0,22.0
132,Morning,2026-02-05T08:46:55.000,43.664910128,-79.393530147,53.0,0.0,0.0,0.0,22.0
133,Morning,2026-02-05T08:46:57.000,43.664920849,-79.393569517,53.0,0.0,0.0,0.0,22.0
134,Morning,2026-02-05T08:46:58.000,43.66492933,-79.393584601,53.0,1.0,1.0,1.0,22.0
135,Morning,2026-02-05T08:47:00.000,43.664930221,-79.393620311,53.0,1.0,1.0,1.0,22.0
136,Morning,2026-02-05T08:47:01.000,43.664940336,-79.393633974,53.0,1.0,1.0,1.0,22.0
137,Morning,2026-02-05T08:47:03.000,43.664955121,-79.393671951,53.0,1.0,1.0,1.0,22.0
138,Morning,2026-02-05T08:47:04.000,43.664967352,-79.393693677,53.0,1.0,1.0,1.0,22.0
139,Morning,2026-02-05T08:47:06.000,43.665001106,-79.393715338,53.0,1.0,1.0,1.0,22.0
140,Morning,2026-02-05T08:47:07.000,43.665013727,-79.393722914,53.0,1.0,1.0,1.0,22.0
141,Morning,2026-02-05T08:47:09.000,43.665029344,-79.393728929,53.0,1.0,1.0,1.0,22.0
142,Morning,2026-02-05T08:47:10.000,43.665055675,-79.393717937,53.0,1.0,1.0,1.0,22.0
143,Morning,2026-02-05T08:47:12.000,43.665078174,-79.393717784,53.0,1.0,1.0,1.0,22.0
144,Morning,2026-02-05T08:47:13.000,43.665090667,-79.393706472,53.0,1.0,1.0,1.0,22.0
145,Morning,2026-02-05T08:47:15.000,43.665107966,-79.393682199,53.0,1.0,1.0,1.0,22.0
146,Morning,2026-02-05T08:47:16.000,43.665107966,-79.393682199,53.0,1.0,1.0,1.0,22.0
147,Morning,2026-02-05T08:47:18.000,43.665106902,-79.39363922,53.0,,,,
148,Morning,2026-02-05T08:47:18.000,43.665107966,-79.393682199,53.0,1.0,,,
149,Morning,2026-02-05T08:47:18.000,43.665106902,-79.39363922,,1.0,1.0,,
150,Morning,2026-02-05T08:47:18.000,43.665107966,-79.393682199,,,1.0,,
151,Morning,2026-02-05T08:47:18.000,43.665106902,-79.39363922,,,,1.0,
152,Morning,2026-02-05T08:47:18.000,43.665107966,-79.393682199,,,,1.0,22.0
153,Morning,2026-02-05T08:47:18.000,43.665106902,-79.39363922,,,,,22.0
154,Morning,2026-02-05T08:47:19.000,43.665137732,-79.393648689,53.0,1.0,1.0,1.0,22.0
155,Morning,2026-02-05T08:47:20.000,43.665141333,-79.393632968,53.0,1.0,1.0,1.0,22.0
156,Morning,2026-02-05T08:47:22.000,43.665178685,-79.393548567,53.0,0.0,0.0,0.0,22.0
157,Morning,2026-02-05T08:47:24.000,43.665178368,-79.39349414,52.0,0.0,0.0,0.0,22.0
158,Morning,2026-02-05T08:47:25.000,43.665190812,-79.39347391,52.0,0.0,0.0,0.0,22.0
159,Morning,2026-02-05T08:47:27.000,43.665201312,-79.393433525,52.0,0.0,0.0,0.0,22.0
160,Morning,2026-02-05T08:47:28.000,43.665205625,-79.393411672,52.0,0.0,0.0,0.0,22.0
161,Morning,2026-02-05T08:47:30.000,43.665216526,-79.393376382,52.0,0.0,0.0,0.0,22.0
162,Morning,2026-02-05T08:47:31.000,43.665219033,-79.393353055,52.0,0.0,0.0,0.0,22.0
163,Morning,2026-02-05T08:47:33.000,43.665228444,-79.393332788,52.0,0.0,0.0,0.0,22.0
164,Morning,2026-02-05T08:47:34.000,43.665232666,-79.393318844,52.0,0.0,0.0,0.0,22.0
165,Morning,2026-02-05T08:47:36.000,43.6652371,-79.3932788,52.0,0.0,0.0,0.0,22.0
166,Morning,2026-02-05T08:47:37.000,43.665238395,-79.393263365,52.0,0.0,0.0,0.0,22.0
167,Morning,2026-02-05T08:47:39.000,43.665247936,-79.393230288,52.0,0.0,0.0,0.0,22.0
168,Morning,2026-02-05T08:47:40.000,43.665254805,-79.39321308,52.0,0.0,0.0,0.0,22.0
169,Morning,2026-02-05T08:47:42.000,43.665264031,-79.393179196,52.0,1.0,1.0,1.0,22.0
170,Morning,2026-02-05T08:47:43.000,43.665271281,-79.393158137,52.0,0.0,0.0,0.0,22.0
171,Morning,2026-02-05T08:47:45.000,43.665283159,-79.393124072,52.0,0.0,0.0,0.0,22.0
172,Morning,2026-02-05T08:47:46.000,43.665286828,-79.39311022,52.0,0.0,0.0,0.0,22.0
173,Morning,2026-02-05T08:47:48.000,43.665298035,-79.393072684,52.0,0.0,0.0,0.0,22.0
174,Morning,2026-02-05T08:47:49.000,43.665304358,-79.393043095,52.0,0.0,0.0,0.0,22.0
175,Morning,2026-02-05T08:47:51.000,43.665316408,-79.393012998,52.0,0.0,0.0,0.0,22.0
176,Morning,2026-02-05T08:47:52.000,43.665322552,-79.392995742,52.0,0.0,0.0,0.0,22.0
177,Morning,2026-02-05T08:47:54.000,43.665333581,-79.392958032,52.0,0.0,0.0,0.0,22.0
178,Morning,2026-02-05T08:47:55.000,43.665339203,-79.392937022,52.0,0.0,0.0,0.0,22.0
179,Morning,2026-02-05T08:47:57.000,43.665357894,-79.392892009,52.0,1.0,1.0,1.0,22.0
180,Morning,2026-02-05T08:47:58.000,43.665356181,-79.392882186,52.0,1.0,1.0,1.0,22.0
181,Morning,2026-02-05T08:48:00.000,43.665366169,-79.392854055,52.0,1.0,1.0,1.0,22.0
182,Morning,2026-02-05T08:48:01.000,43.665375319,-79.392849939,51.0,1.0,1.0,1.0,22.0
183,Morning,2026-02-05T08:48:02.000,43.665382284,-79.39283906,51.0,1.0,1.0,1.0,22.0
184,Morning,2026-02-05T08:48:03.000,43.665390064,-79.392830897,51.0,1.0,1.0,1.0,22.0
185,Morning,2026-02-05T08:48:04.000,43.665397726,-79.392802618,51.0,0.0,0.0,1.0,22.0
186,Morning,2026-02-05T08:48:06.000,43.665410059,-79.392749404,51.0,0.0,0.0,0.0,22.0
187,Morning,2026-02-05T08:48:07.000,43.665398257,-79.392727809,51.0,0.0,0.0,0.0,22.0
188,Morning,2026-02-05T08:48:09.000,43.665391044,-79.39268609,51.0,0.0,0.0,0.0,22.0
189,Morning,2026-02-05T08:48:10.000,43.66539374,-79.392668896,51.0,0.0,0.0,0.0,22.0
190,Morning,2026-02-05T08:48:11.000,43.665397714,-79.392653661,51.0,0.0,0.0,0.0,22.0
191,Morning,2026-02-05T08:48:12.000,43.665401557,-79.392632592,51.0,0.0,0.0,0.0,22.0
192,Morning,2026-02-05T08:48:13.000,43.665403613,-79.392615481,51.0,0.0,0.0,0.0,22.0
193,Morning,2026-02-05T08:48:15.000,43.66541256,-79.392579547,51.0,0.0,0.0,0.0,22.0
194,Morning,2026-02-05T08:48:16.000,43.66541712,-79.392570402,51.0,1.0,1.0,1.0,22.0
195,Morning,2026-02-05T08:48:18.000,43.66541698,-79.392524501,51.0,1.0,1.0,1.0,22.0
196,Morning,2026-02-05T08:48:19.000,43.665421392,-79.392511651,51.0,1.0,1.0,1.0,22.0
197,Morning,2026-02-05T08:48:21.000,43.665422375,-79.392472839,51.0,1.0,1.0,1.0,22.0
198,Morning,2026-02-05T08:48:22.000,43.665427695,-79.392454896,51.0,1.0,1.0,1.0,22.0
199,Morning,2026-02-05T08:48:24.000,43.665437442,-79.392418853,51.0,1.0,1.0,1.0,22.0
200,Morning,2026-02-05T08:48:25.000,43.665438562,-79.392400968,51.0,1.0,1.0,1.0,22.0
201,Morning,2026-02-05T08:48:27.000,43.665440105,-79.392362418,51.0,1.0,1.0,1.0,22.0
202,Morning,2026-02-05T08:48:28.000,43.665443516,-79.392344534,51.0,0.0,0.0,0.0,22.0
203,Morning,2026-02-05T08:48:30.000,43.665445866,-79.392311864,51.0,0.0,0.0,0.0,22.0
204,Morning,2026-02-05T08:48:31.000,43.665447673,-79.392293606,51.0,0.0,0.0,0.0,22.0
205,Morning,2026-02-05T08:48:32.000,43.665447673,-79.392293606,51.0,0.0,0.0,0.0,22.0
206,Morning,2026-02-05T08:48:33.000,43.66545122,-79.392258293,51.0,0.0,0.0,0.0,22.0
207,Morning,2026-02-05T08:48:34.000,43.665460965,-79.392240031,51.0,0.0,0.0,0.0,22.0
208,Morning,2026-02-05T08:48:35.000,43.665458937,-79.392219408,51.0,0.0,0.0,0.0,22.0
209,Morning,2026-02-05T08:48:36.000,43.66546296,-79.392202995,51.0,0.0,0.0,0.0,22.0
210,Morning,2026-02-05T08:48:37.000,43.665468067,-79.392188679,51.0,0.0,0.0,0.0,22.0
211,Morning,2026-02-05T08:48:38.000,43.665470853,-79.392162948,51.0,0.0,0.0,0.0,22.0
212,Morning,2026-02-05T08:48:39.000,43.665470761,-79.392144522,51.0,0.0,0.0,0.0,22.0
213,Morning,2026-02-05T08:48:40.000,43.665464279,-79.392125016,51.0,0.0,0.0,0.0,22.0
214,Morning,2026-02-05T08:48:41.000,43.665459897,-79.392112004,51.0,0.0,0.0,0.0,22.0
215,Morning,2026-02-05T08:48:42.000,43.665442461,-79.392121488,51.0,0.0,0.0,0.0,22.0
216,Morning,2026-02-05T08:48:43.000,43.665440113,-79.392154928,50.0,0.0,0.0,0.0,22.0
217,Morning,2026-02-05T08:48:44.000,43.665426472,-79.392160419,50.0,0.0,0.0,0.0,22.0
218,Morning,2026-02-05T08:48:45.000,43.665418627,-79.392174077,50.0,0.0,0.0,0.0,22.0
219,Morning,2026-02-05T08:48:46.000,43.665404256,-79.392179249,50.0,0.0,0.0,0.0,22.0
220,Morning,2026-02-05T08:48:47.000,43.665390813,-79.392186118,50.0,0.0,0.0,0.0,22.0
221,Morning,2026-02-05T08:48:48.000,43.665378613,-79.392194493,50.0,0.0,0.0,0.0,22.0
222,Morning,2026-02-05T08:48:49.000,43.66536709,-79.392200831,50.0,0.0,0.0,0.0,22.0
223,Morning,2026-02-05T08:48:50.000,43.665354132,-79.392210116,50.0,0.0,0.0,0.0,22.0
224,Morning,2026-02-05T08:48:51.000,43.665341776,-79.3922177,50.0,0.0,0.0,0.0,22.0
225,Morning,2026-02-05T08:48:52.000,43.665328765,-79.392225095,50.0,0.0,0.0,0.0,22.0
226,Morning,2026-02-05T08:48:53.000,43.665315598,-79.392232076,50.0,0.0,0.0,0.0,22.0
227,Morning,2026-02-05T08:48:54.000,43.665303244,-79.392238973,50.0,0.0,0.0,0.0,22.0
228,Morning,2026-02-05T08:48:55.000,43.665290049,-79.392244821,50.0,0.0,0.0,0.0,22.0
229,Morning,2026-02-05T08:48:56.000,43.665278064,-79.392249763,50.0,0.0,0.0,0.0,22.0
230,Morning,2026-02-05T08:48:57.000,43.66526583,-79.392254807,50.0,0.0,0.0,0.0,22.0
231,Morning,2026-02-05T08:48:58.000,43.665252149,-79.392260448,50.0,0.0,0.0,0.0,22.0
232,Morning,2026-02-05T08:48:59.000,43.665238832,-79.392265882,50.0,0.0,0.0,0.0,22.0
233,Morning,2026-02-05T08:49:00.000,43.665226588,-79.392270833,50.0,0.0,0.0,0.0,22.0
234,Morning,2026-02-05T08:49:01.000,43.665214743,-79.392275621,50.0,0.0,0.0,0.0,22.0
235,Morning,2026-02-05T08:49:02.000,43.665203963,-79.39227998,50.0,0.0,0.0,0.0,22.0
236,Morning,2026-02-05T08:49:03.000,43.665191496,-79.392285012,50.0,0.0,0.0,0.0,22.0
237,Morning,2026-02-05T08:49:04.000,43.665179606,-79.392289808,50.0,1.0,1.0,1.0,22.0
238,Morning,2026-02-05T08:49:05.000,43.665162911,-79.392296541,50.0,1.0,1.0,1.0,22.0
239,Morning,2026-02-05T08:49:06.000,43.665153265,-79.392300431,49.0,1.0,1.0,1.0,22.0
240,Morning,2026-02-05T08:49:07.000,43.665137989,-79.392306592,49.0,1.0,1.0,1.0,22.0
241,Morning,2026-02-05T08:49:08.000,43.665127611,-79.392310777,49.0,1.0,1.0,1.0,22.0
242,Morning,2026-02-05T08:49:09.000,43.665116245,-79.392317226,49.0,1.0,1.0,1.0,22.0
243,Morning,2026-02-05T08:49:10.000,43.665102502,-79.392321857,49.0,1.0,1.0,1.0,22.0
244,Morning,2026-02-05T08:49:11.000,43.665089822,-79.392326018,49.0,1.0,1.0,1.0,22.0
245,Morning,2026-02-05T08:49:12.000,43.665074664,-79.392332708,49.0,1.0,1.0,1.0,22.0
246,Morning,2026-02-05T08:49:13.000,43.665062322,-79.392338013,49.0,0.0,0.0,0.0,22.0
247,Morning,2026-02-05T08:49:14.000,43.665045803,-79.392345114,49.0,0.0,0.0,0.0,22.0
248,Morning,2026-02-05T08:49:15.000,43.665033042,-79.392350651,49.0,0.0,0.0,0.0,22.0
249,Morning,2026-02-05T08:49:16.000,43.665017589,-79.392357409,49.0,0.0,0.0,0.0,22.0
250,Morning,2026-02-05T08:49:17.000,43.665000596,-79.392364841,49.0,0.0,0.0,0.0,22.0
251,Morning,2026-02-05T08:49:18.000,43.664987759,-79.392370455,49.0,0.0,0.0,0.0,22.0
252,Morning,2026-02-05T08:49:19.000,43.664965475,-79.392380201,49.0,0.0,0.0,0.0,23.0
253,Morning,2026-02-05T08:49:20.000,43.664958634,-79.392383208,49.0,0.0,0.0,0.0,23.0
254,Morning,2026-02-05T08:49:21.000,43.66493987,-79.392391474,49.0,0.0,0.0,0.0,23.0
255,Morning,2026-02-05T08:49:22.000,43.664930009,-79.392395819,49.0,0.0,0.0,0.0,23.0
256,Morning,2026-02-05T08:49:23.000,43.664911829,-79.392403828,49.0,0.0,0.0,0.0,23.0
257,Morning,2026-02-05T08:49:24.000,43.664901563,-79.39240835,49.0,0.0,0.0,0.0,23.0
258,Morning,2026-02-05T08:49:25.000,43.664884673,-79.392415791,49.0,0.0,0.0,0.0,23.0
259,Morning,2026-02-05T08:49:26.000,43.664873464,-79.392420729,49.0,0.0,0.0,0.0,23.0
260,Morning,2026-02-05T08:49:27.000,43.664858575,-79.392427095,49.0,0.0,0.0,0.0,23.0
261,Morning,2026-02-05T08:49:28.000,43.66484302,-79.392433766,49.0,0.0,0.0,0.0,23.0
262,Morning,2026-02-05T08:49:29.000,43.664830037,-79.392439334,49.0,0.0,0.0,0.0,23.0
263,Morning,2026-02-05T08:49:30.000,43.664813473,-79.392446437,49.0,0.0,0.0,0.0,23.0
264,Morning,2026-02-05T08:49:31.000,43.66480157,-79.392451542,49.0,0.0,0.0,0.0,23.0
265,Morning,2026-02-05T08:49:32.000,43.664784947,-79.392458671,49.0,0.0,0.0,0.0,23.0
266,Morning,2026-02-05T08:49:33.000,43.664773024,-79.392463885,49.0,0.0,0.0,0.0,23.0
267,Morning,2026-02-05T08:49:34.000,43.664758472,-79.392470411,49.0,0.0,0.0,0.0,23.0
268,Morning,2026-02-05T08:49:35.000,43.664747125,-79.3924755,49.0,0.0,0.0,0.0,23.0
269,Morning,2026-02-05T08:49:36.000,43.664733492,-79.3924817,49.0,0.0,0.0,0.0,23.0
270,Morning,2026-02-05T08:49:37.000,43.664719024,-79.392488407,49.0,0.0,0.0,0.0,23.0
271,Morning,2026-02-05T08:49:38.000,43.664698242,-79.392487423,49.0,0.0,0.0,0.0,23.0
272,Morning,2026-02-05T08:49:39.000,43.664686608,-79.392486173,49.0,0.0,0.0,0.0,23.0
273,Morning,2026-02-05T08:49:40.000,43.664672042,-79.392484608,48.0,0.0,0.0,0.0,23.0
274,Morning,2026-02-05T08:49:41.000,43.664660125,-79.392483327,48.0,0.0,0.0,0.0,23.0
275,Morning,2026-02-05T08:49:42.000,43.66464542,-79.392481747,48.0,0.0,0.0,0.0,23.0
276,Morning,2026-02-05T08:49:43.000,43.664635327,-79.392477378,48.0,0.0,0.0,0.0,23.0
277,Morning,2026-02-05T08:49:44.000,43.664627232,-79.392469546,48.0,0.0,0.0,0.0,23.0
278,Morning,2026-02-05T08:49:45.000,43.664618077,-79.392458863,48.0,0.0,0.0,0.0,23.0
279,Morning,2026-02-05T08:49:46.000,43.664608438,-79.392446109,48.0,0.0,0.0,0.0,23.0
280,Morning,2026-02-05T08:49:47.000,43.664597418,-79.392431962,48.0,0.0,0.0,0.0,23.0
281,Morning,2026-02-05T08:49:48.000,43.664585339,-79.392415258,48.0,0.0,0.0,0.0,23.0
282,Morning,2026-02-05T08:49:49.000,43.66457678,-79.392396709,48.0,0.0,0.0,0.0,23.0
283,Morning,2026-02-05T08:49:50.000,43.664567567,-79.392351131,48.0,0.0,0.0,0.0,23.0
284,Morning,2026-02-05T08:49:51.000,43.664555681,-79.392339352,48.0,0.0,0.0,0.0,23.0
285,Morning,2026-02-05T08:49:52.000,43.664542051,-79.392331766,48.0,0.0,0.0,0.0,23.0
286,Morning,2026-02-05T08:49:53.000,43.664527815,-79.392319821,48.0,0.0,0.0,0.0,23.0
287,Morning,2026-02-05T08:49:54.000,43.664515938,-79.39231124,48.0,0.0,0.0,0.0,23.0
288,Morning,2026-02-05T08:49:55.000,43.664501282,-79.392303046,48.0,0.0,0.0,0.0,23.0
289,Morning,2026-02-05T08:49:56.000,43.664490063,-79.392296728,48.0,0.0,0.0,0.0,23.0
290,Morning,2026-02-05T08:49:57.000,43.66447324,-79.392288656,48.0,0.0,0.0,0.0,23.0
291,Morning,2026-02-05T08:49:58.000,43.664463653,-79.392284056,48.0,0.0,0.0,0.0,23.0
292,Morning,2026-02-05T08:49:59.000,43.664444675,-79.392290428,48.0,0.0,0.0,0.0,23.0
293,Morning,2026-02-05T08:50:00.000,43.664432202,-79.392292988,48.0,0.0,0.0,0.0,23.0
294,Morning,2026-02-05T08:50:01.000,43.664417628,-79.392300584,48.0,0.0,0.0,0.0,23.0
295,Morning,2026-02-05T08:50:02.000,43.664410847,-79.39230542,48.0,0.0,0.0,0.0,23.0
296,Morning,2026-02-05T08:50:03.000,43.664402387,-79.392312397,48.0,0.0,0.0,0.0,23.0
297,Morning,2026-02-05T08:50:04.000,43.664399678,-79.392316237,48.0,0.0,0.0,0.0,23.0
298,Morning,2026-02-05T08:50:05.000,43.664397437,-79.392318868,48.0,0.0,0.0,0.0,23.0
299,Morning,2026-02-05T08:50:06.000,43.664388259,-79.392316818,48.0,0.0,0.0,0.0,23.0
300,Morning,2026-02-05T08:50:07.000,43.664381817,-79.392307368,48.0,0.0,0.0,0.0,23.0
301,Morning,2026-02-05T08:50:08.000,43.66437075,-79.392296139,48.0,0.0,0.0,0.0,23.0
302,Morning,2026-02-05T08:50:09.000,43.664360473,-79.392282137,48.0,0.0,0.0,0.0,23.0
303,Morning,2026-02-05T08:50:10.000,43.664347529,-79.39225885,48.0,0.0,0.0,0.0,23.0
304,Morning,2026-02-05T08:50:11.000,43.664336137,-79.392238088,48.0,0.0,0.0,0.0,23.0
305,Morning,2026-02-05T08:50:12.000,43.664319444,-79.392209473,48.0,0.0,0.0,0.0,23.0
306,Morning,2026-02-05T08:50:13.000,43.664280493,-79.392149317,48.0,0.0,0.0,0.0,23.0
307,Morning,2026-02-05T08:50:14.000,43.664268946,-79.392132696,48.0,0.0,0.0,0.0,23.0
308,Morning,2026-02-05T08:50:15.000,43.664259787,-79.392119596,48.0,0.0,0.0,0.0,23.0
309,Morning,2026-02-05T08:50:16.000,43.664248934,-79.392107138,48.0,0.0,0.0,0.0,23.0
310,Morning,2026-02-05T08:50:17.000,43.664238282,-79.3920917,48.0,0.0,0.0,0.0,23.0
311,Morning,2026-02-05T08:50:18.000,43.664230624,-79.392079258,48.0,0.0,0.0,0.0,23.0
312,Morning,2026-02-05T08:50:19.000,43.664218644,-79.392064547,48.0,0.0,0.0,0.0,23.0
313,Morning,2026-02-05T08:50:20.000,43.664209862,-79.392052883,48.0,1.0,1.0,1.0,23.0
314,Morning,2026-02-05T08:50:21.000,43.664198004,-79.392036045,48.0,1.0,1.0,1.0,23.0
315,Morning,2026-02-05T08:50:22.000,43.664191482,-79.392023118,48.0,0.0,0.0,0.0,23.0
316,Morning,2026-02-05T08:50:23.000,43.664189456,-79.392010993,47.0,1.0,1.0,1.0,23.0
317,Morning,2026-02-05T08:50:24.000,43.664178974,-79.391996212,47.0,1.0,1.0,1.0,23.0
318,Morning,2026-02-05T08:50:25.000,43.664167279,-79.391976445,47.0,1.0,1.0,1.0,23.0
319,Morning,2026-02-05T08:50:26.000,43.664162322,-79.39196514,47.0,1.0,1.0,1.0,24.0
320,Morning,2026-02-05T08:50:27.000,43.664152973,-79.391946291,47.0,1.0,1.0,1.0,24.0
321,Morning,2026-02-05T08:50:28.000,43.664144319,-79.391932705,47.0,1.0,1.0,1.0,24.0
322,Morning,2026-02-05T08:50:29.000,43.664133053,-79.391911265,47.0,1.0,1.0,1.0,24.0
323,Morning,2026-02-05T08:50:30.000,43.664126929,-79.391899609,47.0,1.0,1.0,1.0,24.0
324,Morning,2026-02-05T08:50:31.000,43.664114822,-79.391875414,47.0,1.0,1.0,1.0,24.0
325,Morning,2026-02-05T08:50:32.000,43.664109395,-79.39186385,47.0,1.0,1.0,1.0,24.0
326,Morning,2026-02-05T08:50:33.000,43.66409826,-79.391840121,47.0,0.0,0.0,0.0,24.0
327,Morning,2026-02-05T08:50:34.000,43.664092941,-79.391828787,47.0,0.0,0.0,0.0,24.0
328,Morning,2026-02-05T08:50:35.000,43.664083403,-79.391808462,47.0,0.0,0.0,0.0,24.0
329,Morning,2026-02-05T08:50:36.000,43.664077574,-79.391796041,47.0,0.0,0.0,0.0,24.0
330,Morning,2026-02-05T08:50:37.000,43.664068775,-79.391777546,47.0,1.0,1.0,1.0,24.0
331,Morning,2026-02-05T08:50:38.000,43.664062614,-79.391764767,47.0,1.0,1.0,1.0,24.0
332,Morning,2026-02-05T08:50:39.000,43.664054569,-79.391748083,47.0,1.0,1.0,1.0,24.0
333,Morning,2026-02-05T08:50:40.000,43.664047544,-79.391733513,47.0,1.0,1.0,1.0,24.0
334,Morning,2026-02-05T08:50:41.000,43.664040259,-79.391718404,47.0,1.0,1.0,1.0,24.0
335,Morning,2026-02-05T08:50:42.000,43.664033736,-79.391704876,47.0,1.0,1.0,1.0,24.0
336,Morning,2026-02-05T08:50:43.000,43.664027352,-79.391691585,47.0,1.0,1.0,1.0,24.0
337,Morning,2026-02-05T08:50:44.000,43.664019162,-79.391670628,47.0,1.0,1.0,1.0,24.0
338,Morning,2026-02-05T08:50:45.000,43.664011659,-79.391658417,47.0,0.0,0.0,0.0,24.0
339,Morning,2026-02-05T08:50:46.000,43.664001407,-79.391634219,47.0,0.0,0.0,0.0,24.0
340,Morning,2026-02-05T08:50:47.000,43.663994775,-79.391620346,47.0,0.0,0.0,0.0,24.0
341,Morning,2026-02-05T08:50:48.000,43.663990826,-79.391606275,47.0,0.0,0.0,0.0,24.0
342,Morning,2026-02-05T08:50:49.000,43.663985144,-79.391588296,47.0,0.0,0.0,0.0,24.0
343,Morning,2026-02-05T08:50:50.000,43.663978475,-79.391577601,47.0,0.0,0.0,0.0,24.0
344,Morning,2026-02-05T08:50:51.000,43.663961681,-79.391547472,47.0,0.0,0.0,0.0,24.0
345,Morning,2026-02-05T08:50:52.000,43.663958103,-79.391538923,47.0,0.0,0.0,0.0,24.0
346,Morning,2026-02-05T08:50:53.000,43.663946954,-79.391512285,47.0,0.0,0.0,0.0,24.0
347,Morning,2026-02-05T08:50:54.000,43.663943402,-79.391503798,47.0,0.0,0.0,0.0,25.0
348,Morning,2026-02-05T08:50:55.000,43.663936579,-79.391487496,47.0,1.0,1.0,1.0,25.0
349,Morning,2026-02-05T08:50:56.000,43.663927848,-79.391466635,47.0,1.0,1.0,1.0,25.0
350,Morning,2026-02-05T08:50:57.000,43.663921736,-79.391450214,47.0,1.0,1.0,1.0,25.0
351,Morning,2026-02-05T08:50:58.000,43.663916315,-79.391430986,47.0,1.0,1.0,1.0,25.0
352,Morning,2026-02-05T08:50:59.000,43.663898867,-79.391393202,47.0,1.0,1.0,1.0,25.0
353,Morning,2026-02-05T08:51:00.000,43.663901593,-79.391388943,47.0,1.0,1.0,1.0,25.0
354,Morning,2026-02-05T08:51:01.000,43.663893787,-79.391372804,47.0,1.0,1.0,1.0,25.0
355,Morning,2026-02-05T08:51:02.000,43.663883975,-79.391348942,47.0,1.0,1.0,1.0,25.0
356,Morning,2026-02-05T08:51:03.000,43.663878997,-79.391335165,47.0,1.0,1.0,1.0,25.0
357,Morning,2026-02-05T08:51:04.000,43.663873758,-79.391320072,47.0,1.0,1.0,1.0,25.0
358,Morning,2026-02-05T08:51:05.000,43.66387152,-79.391305889,46.0,1.0,1.0,1.0,25.0
359,Morning,2026-02-05T08:51:06.000,43.663863041,-79.391289746,46.0,0.0,0.0,0.0,25.0
360,Morning,2026-02-05T08:51:07.000,43.663854713,-79.391268585,46.0,0.0,0.0,0.0,25.0
361,Morning,2026-02-05T08:51:08.000,43.663850521,-79.391259207,46.0,0.0,0.0,0.0,25.0
362,Morning,2026-02-05T08:51:09.000,43.663844458,-79.391239589,46.0,1.0,1.0,1.0,25.0
363,Morning,2026-02-05T08:51:10.000,43.663838144,-79.391225441,46.0,1.0,1.0,1.0,25.0
364,Morning,2026-02-05T08:51:11.000,43.663831842,-79.391208259,46.0,1.0,1.0,1.0,25.0
365,Morning,2026-02-05T08:51:12.000,43.663826856,-79.391196608,46.0,1.0,1.0,1.0,25.0
366,Morning,2026-02-05T08:51:13.000,43.663812274,-79.391176227,46.0,1.0,1.0,1.0,25.0
367,Morning,2026-02-05T08:51:14.000,43.663805031,-79.391165953,46.0,0.0,0.0,0.0,25.0
368,Morning,2026-02-05T08:51:15.000,43.663797757,-79.391151235,46.0,0.0,0.0,0.0,25.0
369,Morning,2026-02-05T08:51:16.000,43.663792658,-79.391145602,46.0,0.0,0.0,0.0,25.0
370,Morning,2026-02-05T08:51:17.000,43.663784973,-79.391125392,46.0,0.0,0.0,0.0,25.0
371,Morning,2026-02-05T08:51:18.000,43.6637807,-79.391107443,46.0,0.0,0.0,0.0,25.0
372,Morning,2026-02-05T08:51:19.000,43.663773943,-79.391087298,46.0,0.0,0.0,0.0,25.0
373,Morning,2026-02-05T08:51:20.000,43.663770073,-79.391074511,46.0,0.0,0.0,0.0,25.0
374,Morning,2026-02-05T08:51:21.000,43.663765146,-79.391060276,46.0,0.0,0.0,0.0,25.0
375,Morning,2026-02-05T08:51:22.000,43.663758525,-79.391039852,46.0,0.0,0.0,0.0,25.0
376,Morning,2026-02-05T08:51:23.000,43.663748287,-79.391015321,46.0,0.0,0.0,0.0,25.0
377,Morning,2026-02-05T08:51:24.000,43.663747947,-79.39100832,46.0,0.0,0.0,0.0,25.0
378,Morning,2026-02-05T08:51:25.000,43.663741707,-79.390992384,46.0,0.0,0.0,0.0,25.0
379,Morning,2026-02-05T08:51:26.000,43.663739413,-79.390983739,46.0,0.0,0.0,0.0,25.0
380,Morning,2026-02-05T08:51:27.000,43.663728858,-79.390952078,46.0,0.0,0.0,0.0,25.0
381,Morning,2026-02-05T08:51:29.000,43.663716511,-79.390917964,46.0,,,,
382,Morning,2026-02-05T08:51:29.000,43.663724569,-79.390935573,46.0,,,,
383,Morning,2026-02-05T08:51:29.000,43.663716511,-79.390917964,,0.0,,,
384,Morning,2026-02-05T08:51:29.000,43.663724569,-79.390935573,,0.0,,,
385,Morning,2026-02-05T08:51:29.000,43.663716511,-79.390917964,,,0.0,,
386,Morning,2026-02-05T08:51:29.000,43.663724569,-79.390935573,,,0.0,0.0,
387,Morning,2026-02-05T08:51:29.000,43.663716511,-79.390917964,,,,0.0,
388,Morning,2026-02-05T08:51:29.000,43.663724569,-79.390935573,,,,,25.0
389,Morning,2026-02-05T08:51:29.000,43.663716511,-79.390917964,,,,,25.0
390,Morning,2026-02-05T08:51:31.000,43.66370152,-79.390892077,46.0,0.0,0.0,0.0,25.0
391,Morning,2026-02-05T08:51:32.000,43.66370152,-79.390892077,46.0,,,,
392,Morning,2026-02-05T08:51:32.000,43.66369356,-79.390876143,46.0,,,,
393,Morning,2026-02-05T08:51:32.000,43.66370152,-79.390892077,,0.0,,,
394,Morning,2026-02-05T08:51:32.000,43.66369356,-79.390876143,,0.0,0.0,,
395,Morning,2026-02-05T08:51:32.000,43.66370152,-79.390892077,,,0.0,0.0,
396,Morning,2026-02-05T08:51:32.000,43.66369356,-79.390876143,,,,0.0,25.0
397,Morning,2026-02-05T08:51:32.000,43.66370152,-79.390892077,,,,,25.0
398,Morning,2026-02-05T08:51:34.000,43.663686406,-79.390842916,46.0,0.0,0.0,0.0,25.0
399,Morning,2026-02-05T08:51:35.000,43.663683497,-79.390834423,46.0,0.0,0.0,0.0,25.0
400,Morning,2026-02-05T08:51:37.000,43.663672552,-79.390804322,46.0,0.0,0.0,0.0,25.0
401,Morning,2026-02-05T08:51:38.000,43.663672552,-79.390804322,46.0,,,,
402,Morning,2026-02-05T08:51:38.000,43.663670964,-79.390793535,46.0,0.0,,,
403,Morning,2026-02-05T08:51:38.000,43.663672552,-79.390804322,,0.0,0.0,,
404,Morning,2026-02-05T08:51:38.000,43.663670964,-79.390793535,,,0.0,0.0,
405,Morning,2026-02-05T08:51:38.000,43.663672552,-79.390804322,,,,0.0,25.0
406,Morning,2026-02-05T08:51:38.000,43.663670964,-79.390793535,,,,,26.0
407,Morning,2026-02-05T08:51:40.000,43.663668211,-79.39077786,46.0,0.0,0.0,0.0,26.0
408,Morning,2026-02-05T08:51:41.000,43.663661139,-79.390770352,46.0,,,,
409,Morning,2026-02-05T08:51:41.000,43.663664524,-79.390771058,46.0,,,,
410,Morning,2026-02-05T08:51:41.000,43.663661139,-79.390770352,,0.0,,,
411,Morning,2026-02-05T08:51:41.000,43.663664524,-79.390771058,,0.0,0.0,,
412,Morning,2026-02-05T08:51:41.000,43.663661139,-79.390770352,,,0.0,,
413,Morning,2026-02-05T08:51:41.000,43.663664524,-79.390771058,,,,0.0,
414,Morning,2026-02-05T08:51:41.000,43.663661139,-79.390770352,,,,0.0,26.0
415,Morning,2026-02-05T08:51:41.000,43.663664524,-79.390771058,,,,,26.0
416,Morning,2026-02-05T08:51:43.000,43.663659444,-79.390774565,46.0,0.0,0.0,0.0,26.0
417,Morning,2026-02-05T08:51:44.000,43.663658057,-79.390771057,46.0,,,,
418,Morning,2026-02-05T08:51:44.000,43.663656934,-79.390771041,46.0,,,,
419,Morning,2026-02-05T08:51:44.000,43.663658057,-79.390771057,,0.0,,,
420,Morning,2026-02-05T08:51:44.000,43.663656934,-79.390771041,,0.0,0.0,,
421,Morning,2026-02-05T08:51:44.000,43.663658057,-79.390771057,,,0.0,,
422,Morning,2026-02-05T08:51:44.000,43.663656934,-79.390771041,,,,0.0,
423,Morning,2026-02-05T08:51:44.000,43.663658057,-79.390771057,,,,0.0,
424,Morning,2026-02-05T08:51:44.000,43.663656934,-79.390771041,,,,,26.0
425,Morning,2026-02-05T08:51:44.000,43.663658057,-79.390771057,,,,,26.0
426,Morning,2026-02-05T08:51:46.000,43.663658057,-79.390771057,46.0,0.0,0.0,0.0,26.0
427,Morning,2026-02-05T08:51:47.000,43.663655691,-79.390781235,46.0,0.0,0.0,0.0,26.0
428,Morning,2026-02-05T08:51:49.000,43.663649014,-79.390812902,45.0,0.0,0.0,0.0,26.0
429,Morning,2026-02-05T08:51:50.000,43.663643004,-79.390828579,45.0,0.0,0.0,0.0,26.0
430,Morning,2026-02-05T08:51:52.000,43.663637006,-79.390846615,45.0,0.0,0.0,0.0,26.0
431,Morning,2026-02-05T08:51:53.000,43.663627409,-79.390882399,45.0,0.0,0.0,0.0,26.0
432,Morning,2026-02-05T08:51:55.000,43.663619545,-79.390918978,45.0,0.0,0.0,0.0,26.0
433,Morning,2026-02-05T08:51:56.000,43.663615716,-79.390936062,45.0,0.0,0.0,0.0,26.0
434,Morning,2026-02-05T08:51:58.000,43.663613696,-79.390965985,45.0,0.0,0.0,0.0,26.0
435,Morning,2026-02-05T08:51:59.000,43.663605215,-79.390988904,45.0,0.0,0.0,0.0,26.0
436,Morning,2026-02-05T08:52:01.000,43.663596408,-79.391027223,45.0,0.0,0.0,0.0,26.0
437,Morning,2026-02-05T08:52:02.000,43.663589497,-79.391049449,45.0,1.0,1.0,0.0,26.0
438,Morning,2026-02-05T08:52:04.000,43.663585247,-79.391081558,45.0,1.0,1.0,1.0,26.0
439,Morning,2026-02-05T08:52:05.000,43.663580434,-79.391105775,45.0,1.0,1.0,1.0,26.0
440,Morning,2026-02-05T08:52:07.000,43.663570259,-79.391146091,45.0,1.0,1.0,1.0,26.0
441,Morning,2026-02-05T08:52:08.000,43.663566221,-79.391162749,45.0,1.0,1.0,1.0,26.0
442,Morning,2026-02-05T08:52:10.000,43.663556113,-79.391198388,45.0,1.0,1.0,1.0,26.0
443,Morning,2026-02-05T08:52:11.000,43.663551663,-79.391218443,45.0,1.0,1.0,1.0,26.0
444,Morning,2026-02-05T08:52:13.000,43.663542879,-79.391253838,45.0,1.0,1.0,1.0,26.0
445,Morning,2026-02-05T08:52:14.000,43.6635427,-79.391274492,44.0,1.0,1.0,1.0,26.0
446,Morning,2026-02-05T08:52:16.000,43.663538345,-79.39130724,44.0,1.0,1.0,1.0,26.0
447,Morning,2026-02-05T08:52:17.000,43.663535672,-79.391326578,44.0,1.0,1.0,1.0,26.0
448,Morning,2026-02-05T08:52:19.000,43.663525609,-79.391361457,44.0,0.0,0.0,0.0,26.0
449,Morning,2026-02-05T08:52:20.000,43.663520244,-79.391379449,44.0,0.0,0.0,0.0,26.0
450,Morning,2026-02-05T08:52:22.000,43.663513015,-79.39141641,44.0,0.0,0.0,0.0,26.0
451,Morning,2026-02-05T08:52:23.000,43.663507773,-79.391432343,44.0,0.0,0.0,0.0,26.0
452,Morning,2026-02-05T08:52:25.000,43.663498666,-79.391469734,44.0,1.0,1.0,1.0,26.0
453,Morning,2026-02-05T08:52:26.000,43.663494336,-79.391488364,44.0,1.0,1.0,1.0,26.0
454,Morning,2026-02-05T08:52:28.000,43.663488688,-79.391522895,44.0,1.0,1.0,1.0,26.0
455,Morning,2026-02-05T08:52:29.000,43.663483308,-79.391538867,44.0,1.0,1.0,1.0,26.0
456,Morning,2026-02-05T08:52:31.000,43.663473268,-79.391576836,44.0,1.0,1.0,1.0,26.0
457,Morning,2026-02-05T08:52:32.000,43.663469255,-79.391595636,44.0,0.0,1.0,0.0,26.0
458,Morning,2026-02-05T08:52:34.000,43.663461759,-79.391629267,44.0,0.0,0.0,0.0,26.0
459,Morning,2026-02-05T08:52:35.000,43.663456232,-79.391646271,44.0,0.0,0.0,0.0,26.0
460,Morning,2026-02-05T08:52:37.000,43.663449517,-79.391678761,44.0,0.0,0.0,0.0,26.0
461,Morning,2026-02-05T08:52:38.000,43.663442666,-79.391695459,44.0,0.0,0.0,0.0,26.0
462,Morning,2026-02-05T08:52:40.000,43.663440014,-79.391730329,44.0,0.0,0.0,0.0,26.0
463,Morning,2026-02-05T08:52:41.000,43.663439805,-79.391747386,44.0,0.0,0.0,0.0,26.0
464,Morning,2026-02-05T08:52:43.000,43.663434956,-79.391776985,44.0,0.0,0.0,0.0,26.0
465,Morning,2026-02-05T08:52:44.000,43.663431961,-79.391791435,44.0,0.0,0.0,0.0,26.0
466,Morning,2026-02-05T08:52:46.000,43.66342717,-79.391821814,44.0,0.0,0.0,0.0,26.0
467,Morning,2026-02-05T08:52:47.000,43.663425056,-79.391837302,44.0,0.0,0.0,0.0,26.0
468,Morning,2026-02-05T08:52:49.000,43.663420289,-79.391871287,44.0,0.0,0.0,0.0,26.0
469,Morning,2026-02-05T08:52:50.000,43.663418414,-79.391884358,44.0,1.0,1.0,1.0,26.0
470,Morning,2026-02-05T08:52:52.000,43.663413713,-79.391918307,44.0,1.0,1.0,1.0,26.0
471,Morning,2026-02-05T08:52:53.000,43.663410852,-79.391932379,44.0,1.0,1.0,1.0,26.0
472,Morning,2026-02-05T08:52:55.000,43.663403345,-79.391966014,44.0,1.0,1.0,1.0,26.0
473,Morning,2026-02-05T08:52:56.000,43.663399649,-79.391983221,44.0,1.0,1.0,1.0,27.0
474,Morning,2026-02-05T08:52:58.000,43.663390904,-79.392023267,44.0,1.0,1.0,1.0,27.0
475,Morning,2026-02-05T08:52:59.000,43.663386702,-79.39203997,44.0,1.0,1.0,1.0,27.0
476,Morning,2026-02-05T08:53:01.000,43.663378591,-79.392075278,44.0,1.0,1.0,1.0,27.0
477,Morning,2026-02-05T08:53:02.000,43.663375393,-79.392090159,44.0,1.0,0.0,1.0,27.0
478,Morning,2026-02-05T08:53:04.000,43.663363825,-79.392123877,44.0,0.0,0.0,0.0,27.0
479,Morning,2026-02-05T08:53:05.000,43.663362241,-79.392140904,44.0,0.0,0.0,0.0,27.0
480,Morning,2026-02-05T08:53:07.000,43.663348622,-79.392174728,43.0,0.0,0.0,0.0,27.0
481,Morning,2026-02-05T08:53:08.000,43.66334022,-79.392192343,43.0,0.0,0.0,1.0,27.0
482,Morning,2026-02-05T08:53:10.000,43.663337172,-79.392234224,44.0,1.0,1.0,1.0,27.0
483,Morning,2026-02-05T08:53:11.000,43.663333894,-79.392252412,43.0,1.0,1.0,1.0,27.0
484,Morning,2026-02-05T08:53:12.000,43.663333894,-79.392252412,43.0,1.0,1.0,1.0,27.0
485,Morning,2026-02-05T08:53:13.000,43.663327247,-79.392294417,43.0,1.0,1.0,1.0,27.0
486,Morning,2026-02-05T08:53:14.000,43.663323848,-79.392313192,43.0,1.0,1.0,1.0,27.0
487,Morning,2026-02-05T08:53:16.000,43.663318024,-79.3923512,43.0,1.0,1.0,1.0,27.0
488,Morning,2026-02-05T08:53:17.000,43.66331222,-79.392370872,43.0,1.0,1.0,1.0,27.0
489,Morning,2026-02-05T08:53:19.000,43.663304052,-79.392411108,43.0,1.0,1.0,1.0,27.0
490,Morning,2026-02-05T08:53:20.000,43.663302354,-79.39243005,43.0,1.0,1.0,1.0,27.0
491,Morning,2026-02-05T08:53:22.000,43.663292041,-79.392467634,43.0,1.0,1.0,1.0,27.0
492,Morning,2026-02-05T08:53:23.000,43.663288722,-79.392485082,43.0,1.0,0.0,0.0,27.0
493,Morning,2026-02-05T08:53:25.000,43.663282896,-79.392520766,43.0,0.0,0.0,0.0,27.0
494,Morning,2026-02-05T08:53:26.000,43.663281643,-79.392536597,43.0,0.0,0.0,0.0,27.0
495,Morning,2026-02-05T08:53:28.000,43.663283271,-79.392573773,43.0,0.0,0.0,0.0,27.0
496,Morning,2026-02-05T08:53:29.000,43.663285346,-79.392592057,43.0,0.0,0.0,0.0,27.0
497,Morning,2026-02-05T08:53:31.000,43.663297442,-79.392624759,43.0,1.0,1.0,1.0,27.0
498,Morning,2026-02-05T08:53:32.000,43.66330223,-79.392640406,43.0,1.0,1.0,1.0,27.0
499,Morning,2026-02-05T08:53:33.000,43.663303165,-79.392654426,43.0,0.0,0.0,0.0,27.0
500,Morning,2026-02-05T08:53:34.000,43.663307777,-79.39265801,43.0,1.0,1.0,1.0,27.0
501,Morning,2026-02-05T08:53:35.000,43.663302666,-79.392638009,43.0,1.0,1.0,1.0,27.0
502,Morning,2026-02-05T08:53:36.000,43.663302666,-79.392638009,43.0,1.0,1.0,1.0,27.0
503,Morning,2026-02-05T08:53:37.000,43.663310362,-79.392656257,43.0,1.0,1.0,1.0,27.0
504,Morning,2026-02-05T08:53:38.000,43.66331546,-79.392662769,43.0,0.0,0.0,0.0,27.0
505,Morning,2026-02-05T08:53:39.000,43.663322648,-79.392671217,43.0,1.0,1.0,1.0,27.0
506,Morning,2026-02-05T08:53:40.000,43.663323047,-79.392674005,43.0,1.0,1.0,1.0,27.0
507,Morning,2026-02-05T08:53:41.000,43.663317769,-79.392668208,43.0,0.0,0.0,1.0,27.0
508,Morning,2026-02-05T08:53:43.000,43.663318338,-79.392663872,43.0,0.0,0.0,0.0,27.0
509,Morning,2026-02-05T08:53:44.000,43.663321011,-79.392656164,43.0,0.0,0.0,0.0,27.0
510,Morning,2026-02-05T08:53:46.000,43.66332076,-79.392655616,43.0,0.0,0.0,0.0,27.0
511,Morning,2026-02-05T08:53:47.000,43.66332076,-79.392655616,43.0,1.0,0.0,1.0,27.0
512,Morning,2026-02-05T08:53:49.000,43.663321878,-79.392634227,43.0,1.0,1.0,1.0,27.0
513,Morning,2026-02-05T08:53:50.000,43.663339654,-79.39265482,43.0,1.0,1.0,1.0,27.0
514,Morning,2026-02-05T08:53:51.000,43.663351734,-79.392659712,43.0,1.0,1.0,1.0,27.0
515,Morning,2026-02-05T08:53:52.000,43.663364718,-79.392658767,43.0,1.0,1.0,1.0,27.0
516,Morning,2026-02-05T08:53:53.000,43.663378916,-79.392655536,43.0,1.0,1.0,1.0,27.0
517,Morning,2026-02-05T08:53:54.000,43.663388242,-79.39265823,43.0,1.0,1.0,1.0,27.0
518,Morning,2026-02-05T08:53:55.000,43.663401568,-79.392659911,43.0,1.0,1.0,1.0,27.0
519,Morning,2026-02-05T08:53:56.000,43.663414218,-79.392658797,43.0,1.0,1.0,1.0,27.0
520,Morning,2026-02-05T08:53:57.000,43.663427464,-79.392661857,43.0,1.0,1.0,1.0,27.0
521,Morning,2026-02-05T08:53:58.000,43.663440251,-79.392660854,43.0,1.0,1.0,1.0,27.0
522,Morning,2026-02-05T08:53:59.000,43.66345684,-79.392661541,43.0,1.0,1.0,1.0,27.0
523,Morning,2026-02-05T08:54:00.000,43.663467114,-79.392660972,43.0,1.0,1.0,1.0,27.0
524,Morning,2026-02-05T08:54:01.000,43.663484567,-79.392660117,43.0,1.0,1.0,1.0,27.0
525,Morning,2026-02-05T08:54:02.000,43.663494673,-79.392657694,43.0,1.0,1.0,1.0,27.0
526,Morning,2026-02-05T08:54:03.000,43.663502886,-79.39265535,43.0,1.0,1.0,1.0,27.0
527,Morning,2026-02-05T08:54:04.000,43.663519431,-79.392652091,43.0,1.0,1.0,1.0,27.0
528,Morning,2026-02-05T08:54:05.000,43.663530351,-79.392649467,43.0,1.0,1.0,1.0,27.0
529,Morning,2026-02-05T08:54:06.000,43.663542765,-79.39265003,43.0,1.0,1.0,1.0,27.0
530,Morning,2026-02-05T08:54:07.000,43.663561254,-79.392655403,43.0,1.0,1.0,1.0,27.0
531,Morning,2026-02-05T08:54:08.000,43.663571011,-79.392646599,43.0,1.0,1.0,1.0,27.0
532,Morning,2026-02-05T08:54:09.000,43.663581669,-79.392642895,43.0,1.0,1.0,1.0,27.0
533,Morning,2026-02-05T08:54:10.000,43.663594893,-79.392640232,43.0,1.0,1.0,1.0,27.0
534,Morning,2026-02-05T08:54:11.000,43.663608881,-79.392633936,43.0,1.0,1.0,1.0,27.0
535,Morning,2026-02-05T08:54:12.000,43.663619986,-79.392631229,42.0,1.0,1.0,1.0,27.0
536,Morning,2026-02-05T08:54:13.000,43.663638869,-79.392626325,42.0,1.0,1.0,1.0,27.0
537,Morning,2026-02-05T08:54:14.000,43.663649673,-79.392622803,42.0,1.0,1.0,1.0,27.0
538,Morning,2026-02-05T08:54:15.000,43.663664904,-79.392618298,42.0,2.0,2.0,2.0,27.0
539,Morning,2026-02-05T08:54:16.000,43.663667677,-79.392611987,42.0,2.0,2.0,2.0,27.0
540,Morning,2026-02-05T08:54:17.000,43.663681135,-79.392604221,42.0,2.0,2.0,2.0,27.0
541,Morning,2026-02-05T08:54:18.000,43.663696014,-79.392604771,42.0,2.0,2.0,2.0,27.0
542,Morning,2026-02-05T08:54:19.000,43.663705062,-79.392603496,42.0,2.0,2.0,2.0,27.0
543,Morning,2026-02-05T08:54:20.000,43.663723768,-79.392596927,42.0,2.0,2.0,2.0,27.0
544,Morning,2026-02-05T08:54:21.000,43.663739176,-79.392594197,42.0,2.0,2.0,2.0,27.0
545,Morning,2026-02-05T08:54:22.000,43.66375472,-79.392592098,42.0,2.0,2.0,2.0,27.0
546,Morning,2026-02-05T08:54:23.000,43.663765862,-79.392591616,42.0,2.0,2.0,2.0,27.0
547,Morning,2026-02-05T08:54:24.000,43.663777218,-79.392591511,42.0,2.0,2.0,2.0,27.0
548,Morning,2026-02-05T08:54:25.000,43.663791775,-79.392590001,42.0,2.0,2.0,2.0,27.0
549,Morning,2026-02-05T08:54:26.000,43.663803996,-79.392586329,42.0,2.0,2.0,2.0,27.0
550,Morning,2026-02-05T08:54:27.000,43.663814909,-79.392580855,42.0,3.0,4.0,3.0,27.0
551,Morning,2026-02-05T08:54:28.000,43.663826391,-79.392576725,42.0,3.0,4.0,3.0,27.0
552,Morning,2026-02-05T08:54:29.000,43.663835144,-79.392573336,42.0,3.0,4.0,3.0,28.0
553,Morning,2026-02-05T08:54:30.000,43.663846933,-79.392568267,42.0,3.0,4.0,3.0,28.0
554,Morning,2026-02-05T08:54:31.000,43.663860304,-79.392563703,42.0,3.0,4.0,3.0,28.0
555,Morning,2026-02-05T08:54:32.000,43.663872817,-79.392559912,42.0,2.0,2.0,2.0,28.0
556,Morning,2026-02-05T08:54:33.000,43.663890295,-79.39255814,42.0,2.0,2.0,2.0,28.0
557,Morning,2026-02-05T08:54:34.000,43.663904989,-79.392556845,42.0,2.0,2.0,2.0,28.0
558,Morning,2026-02-05T08:54:35.000,43.663922573,-79.392558724,42.0,2.0,2.0,2.0,28.0
559,Morning,2026-02-05T08:54:36.000,43.663937933,-79.392555536,42.0,2.0,2.0,2.0,28.0
560,Morning,2026-02-05T08:54:37.000,43.663953477,-79.39255774,42.0,2.0,2.0,2.0,28.0
561,Morning,2026-02-05T08:54:38.000,43.663968827,-79.39255614,42.0,2.0,2.0,2.0,28.0
562,Morning,2026-02-05T08:54:39.000,43.66398234,-79.392554245,42.0,2.0,2.0,2.0,28.0
563,Morning,2026-02-05T08:54:40.000,43.663997215,-79.392552721,42.0,2.0,2.0,2.0,28.0
564,Morning,2026-02-05T08:54:41.000,43.664009899,-79.39255063,42.0,2.0,2.0,2.0,28.0
565,Morning,2026-02-05T08:54:42.000,43.664022616,-79.392548385,42.0,2.0,2.0,2.0,28.0
566,Morning,2026-02-05T08:54:43.000,43.664034985,-79.392546519,42.0,2.0,2.0,2.0,28.0
567,Morning,2026-02-05T08:54:44.000,43.664050824,-79.392543733,42.0,2.0,2.0,2.0,28.0
568,Morning,2026-02-05T08:54:45.000,43.664062938,-79.392541011,42.0,2.0,2.0,2.0,28.0
569,Morning,2026-02-05T08:54:46.000,43.664076898,-79.392537874,42.0,2.0,2.0,2.0,28.0
570,Morning,2026-02-05T08:54:47.000,43.664089303,-79.392535086,42.0,2.0,2.0,2.0,28.0
571,Morning,2026-02-05T08:54:48.000,43.664100583,-79.392532552,42.0,2.0,2.0,2.0,28.0
572,Morning,2026-02-05T08:54:49.000,43.664114287,-79.392529472,42.0,2.0,2.0,2.0,28.0
573,Morning,2026-02-05T08:54:50.000,43.664127632,-79.392526497,42.0,2.0,2.0,2.0,28.0
574,Morning,2026-02-05T08:54:51.000,43.664142213,-79.392523197,42.0,2.0,2.0,2.0,28.0
575,Morning,2026-02-05T08:54:52.000,43.664156731,-79.392519935,42.0,2.0,2.0,2.0,28.0
576,Morning,2026-02-05T08:54:53.000,43.664170994,-79.39251673,42.0,2.0,2.0,2.0,28.0
577,Morning,2026-02-05T08:54:54.000,43.664184453,-79.392513706,42.0,2.0,2.0,2.0,28.0
578,Morning,2026-02-05T08:54:55.000,43.664199697,-79.392516903,42.0,2.0,2.0,2.0,28.0
579,Morning,2026-02-05T08:54:56.000,43.664214385,-79.392512147,42.0,2.0,2.0,2.0,28.0
580,Morning,2026-02-05T08:54:57.000,43.664226217,-79.392507133,42.0,2.0,2.0,2.0,28.0
581,Morning,2026-02-05T08:54:58.000,43.664239591,-79.392503873,42.0,2.0,2.0,2.0,28.0
582,Morning,2026-02-05T08:54:59.000,43.664251414,-79.39250224,42.0,2.0,2.0,2.0,29.0
583,Morning,2026-02-05T08:55:00.000,43.664263618,-79.392498881,42.0,2.0,2.0,2.0,29.0
584,Morning,2026-02-05T08:55:01.000,43.664277809,-79.392495349,42.0,2.0,2.0,2.0,29.0
585,Morning,2026-02-05T08:55:02.000,43.664290197,-79.392489945,42.0,2.0,2.0,2.0,29.0
586,Morning,2026-02-05T08:55:03.000,43.664302967,-79.392487075,42.0,2.0,2.0,2.0,29.0
587,Morning,2026-02-05T08:55:04.000,43.664315861,-79.392484178,42.0,2.0,2.0,2.0,29.0
588,Morning,2026-02-05T08:55:05.000,43.664327623,-79.392481535,42.0,2.0,2.0,2.0,29.0
589,Morning,2026-02-05T08:55:06.000,43.664340316,-79.392478683,42.0,2.0,2.0,2.0,29.0
590,Morning,2026-02-05T08:55:07.000,43.664351276,-79.39247622,42.0,2.0,2.0,2.0,29.0
591,Morning,2026-02-05T08:55:08.000,43.664362318,-79.392485393,42.0,2.0,2.0,2.0,29.0
592,Morning,2026-02-05T08:55:09.000,43.664369498,-79.392486243,42.0,2.0,2.0,2.0,29.0
593,Morning,2026-02-05T08:55:10.000,43.664375863,-79.3924892,42.0,2.0,2.0,2.0,29.0
594,Morning,2026-02-05T08:55:11.000,43.664383946,-79.392493641,42.0,2.0,2.0,2.0,29.0
595,Morning,2026-02-05T08:55:12.000,43.664392807,-79.392501249,42.0,2.0,2.0,2.0,29.0
596,Morning,2026-02-05T08:55:13.000,43.664402674,-79.392509592,42.0,2.0,2.0,2.0,29.0
597,Morning,2026-02-05T08:55:14.000,43.664414762,-79.392519095,42.0,2.0,2.0,2.0,29.0
598,Morning,2026-02-05T08:55:15.000,43.664425271,-79.392567204,42.0,2.0,2.0,2.0,29.0
599,Morning,2026-02-05T08:55:16.000,43.664436166,-79.392577777,42.0,2.0,2.0,2.0,29.0
600,Morning,2026-02-05T08:55:17.000,43.664445758,-79.39258788,42.0,2.0,2.0,2.0,29.0
601,Morning,2026-02-05T08:55:18.000,43.664456155,-79.392593008,42.0,2.0,2.0,2.0,29.0
602,Morning,2026-02-05T08:55:19.000,43.664462568,-79.392601194,41.0,2.0,2.0,2.0,29.0
603,Morning,2026-02-05T08:55:20.000,43.664465806,-79.392608694,41.0,2.0,2.0,2.0,29.0
604,Morning,2026-02-05T08:55:21.000,43.664461739,-79.392616556,41.0,2.0,2.0,2.0,29.0
605,Morning,2026-02-05T08:55:22.000,43.664458727,-79.392619307,41.0,3.0,4.0,3.0,29.0
606,Morning,2026-02-05T08:55:23.000,43.664435683,-79.392639457,41.0,3.0,4.0,3.0,29.0
607,Morning,2026-02-05T08:55:24.000,43.664423354,-79.392658333,41.0,3.0,4.0,3.0,29.0
608,Morning,2026-02-05T08:55:25.000,43.664413233,-79.392671258,41.0,3.0,4.0,3.0,29.0
609,Morning,2026-02-05T08:55:26.000,43.664404335,-79.392685861,41.0,3.0,4.0,3.0,29.0
610,Morning,2026-02-05T08:55:27.000,43.664396803,-79.392699926,41.0,3.0,4.0,3.0,29.0
611,Morning,2026-02-05T08:55:28.000,43.66438882,-79.392714834,41.0,3.0,4.0,3.0,29.0
612,Morning,2026-02-05T08:55:29.000,43.664384347,-79.392723188,41.0,3.0,4.0,3.0,29.0
613,Morning,2026-02-05T08:55:30.000,43.664376765,-79.39273364,41.0,3.0,4.0,3.0,29.0
614,Morning,2026-02-05T08:55:31.000,43.664367049,-79.392748852,41.0,3.0,4.0,3.0,29.0
615,Morning,2026-02-05T08:55:32.000,43.664362417,-79.392760932,41.0,2.0,2.0,2.0,29.0
616,Morning,2026-02-05T08:55:33.000,43.664352453,-79.392774992,41.0,2.0,2.0,2.0,29.0
617,Morning,2026-02-05T08:55:34.000,43.66434303,-79.39278706,41.0,2.0,2.0,2.0,29.0
618,Morning,2026-02-05T08:55:35.000,43.664334005,-79.392797445,41.0,2.0,2.0,2.0,29.0
619,Morning,2026-02-05T08:55:36.000,43.66432485,-79.392812446,41.0,3.0,4.0,3.0,29.0
620,Morning,2026-02-05T08:55:37.000,43.664317715,-79.392824289,41.0,3.0,4.0,3.0,29.0
621,Morning,2026-02-05T08:55:38.000,43.664307978,-79.392840451,41.0,3.0,4.0,3.0,29.0
622,Morning,2026-02-05T08:55:39.000,43.664300724,-79.392852491,41.0,3.0,4.0,3.0,29.0
623,Morning,2026-02-05T08:55:40.000,43.66429558,-79.39286092,41.0,3.0,4.0,3.0,29.0
624,Morning,2026-02-05T08:55:41.000,43.664287144,-79.39287477,41.0,3.0,4.0,3.0,29.0
625,Morning,2026-02-05T08:55:42.000,43.664274563,-79.392896202,41.0,3.0,4.0,3.0,29.0
626,Morning,2026-02-05T08:55:43.000,43.664268119,-79.392908405,41.0,3.0,4.0,3.0,29.0
627,Morning,2026-02-05T08:55:44.000,43.664263293,-79.392920138,41.0,3.0,4.0,3.0,28.0
628,Morning,2026-02-05T08:55:45.000,43.664253744,-79.392929256,41.0,3.0,4.0,3.0,28.0
629,Morning,2026-02-05T08:55:46.000,43.664243236,-79.392953925,41.0,2.0,2.0,2.0,28.0
630,Morning,2026-02-05T08:55:47.000,43.664233472,-79.39296634,41.0,2.0,2.0,2.0,28.0
631,Morning,2026-02-05T08:55:48.000,43.664222659,-79.392975562,41.0,2.0,2.0,2.0,28.0
632,Morning,2026-02-05T08:55:49.000,43.664211144,-79.392990677,41.0,2.0,2.0,2.0,29.0
633,Morning,2026-02-05T08:55:50.000,43.664203542,-79.393005156,41.0,2.0,2.0,2.0,29.0
634,Morning,2026-02-05T08:55:51.000,43.66419651,-79.393022289,41.0,2.0,2.0,2.0,29.0
635,Morning,2026-02-05T08:55:52.000,43.66418831,-79.393037284,41.0,2.0,2.0,2.0,28.0
636,Morning,2026-02-05T08:55:53.000,43.664179883,-79.393048186,41.0,2.0,2.0,2.0,29.0
637,Morning,2026-02-05T08:55:54.000,43.664167612,-79.393065879,41.0,2.0,2.0,2.0,28.0
638,Morning,2026-02-05T08:55:55.000,43.664156837,-79.393079886,41.0,2.0,2.0,2.0,29.0
639,Morning,2026-02-05T08:55:56.000,43.664147146,-79.393092293,41.0,2.0,2.0,2.0,29.0
640,Morning,2026-02-05T08:55:57.000,43.664137494,-79.39310465,41.0,2.0,2.0,2.0,29.0
641,Morning,2026-02-05T08:55:58.000,43.664127124,-79.393117927,41.0,2.0,2.0,2.0,29.0
642,Morning,2026-02-05T08:55:59.000,43.664117568,-79.393130162,41.0,2.0,2.0,2.0,29.0
643,Morning,2026-02-05T08:56:00.000,43.664107881,-79.393142564,41.0,2.0,2.0,2.0,29.0
644,Morning,2026-02-05T08:56:01.000,43.664097839,-79.393155408,41.0,2.0,2.0,2.0,29.0
645,Morning,2026-02-05T08:56:02.000,43.664086346,-79.393170033,41.0,2.0,2.0,2.0,29.0
646,Morning,2026-02-05T08:56:03.000,43.664077085,-79.393181817,41.0,2.0,2.0,2.0,29.0
647,Morning,2026-02-05T08:56:04.000,43.664067428,-79.393194106,41.0,2.0,2.0,2.0,29.0
648,Morning,2026-02-05T08:56:05.000,43.664057758,-79.393206412,41.0,2.0,2.0,2.0,29.0
649,Morning,2026-02-05T08:56:06.000,43.664049132,-79.393217389,41.0,2.0,2.0,2.0,29.0
650,Morning,2026-02-05T08:56:07.000,43.664039629,-79.393229481,40.0,2.0,2.0,2.0,29.0
651,Morning,2026-02-05T08:56:08.000,43.664028473,-79.393243677,40.0,2.0,2.0,2.0,29.0
652,Morning,2026-02-05T08:56:09.000,43.664019005,-79.393255726,40.0,1.0,1.0,1.0,29.0
653,Morning,2026-02-05T08:56:10.000,43.664010449,-79.393266544,40.0,1.0,1.0,1.0,29.0
654,Morning,2026-02-05T08:56:11.000,43.664001432,-79.393277884,40.0,1.0,1.0,1.0,29.0
655,Morning,2026-02-05T08:56:12.000,43.663990464,-79.393291676,40.0,1.0,1.0,1.0,29.0
656,Morning,2026-02-05T08:56:13.000,43.663982132,-79.393302155,40.0,2.0,2.0,2.0,29.0
657,Morning,2026-02-05T08:56:14.000,43.66397532,-79.393303202,40.0,1.0,1.0,1.0,29.0
658,Morning,2026-02-05T08:56:15.000,43.663979591,-79.393303817,40.0,1.0,1.0,1.0,29.0
659,Morning,2026-02-05T08:56:16.000,43.66398264,-79.393301006,40.0,1.0,1.0,1.0,29.0
660,Morning,2026-02-05T08:56:17.000,43.663983752,-79.393300118,40.0,1.0,1.0,1.0,29.0
661,Morning,2026-02-05T08:56:18.000,43.66398475,-79.393298863,40.0,1.0,1.0,1.0,30.0
662,Morning,2026-02-05T08:56:19.000,43.663984035,-79.393299761,40.0,1.0,1.0,1.0,30.0
663,Morning,2026-02-05T08:56:20.000,43.663983837,-79.393300011,40.0,1.0,1.0,1.0,30.0
664,Morning,2026-02-05T08:56:21.000,43.66398225,-79.393302007,40.0,2.0,2.0,2.0,30.0
665,Morning,2026-02-05T08:56:22.000,43.663966169,-79.393305442,40.0,2.0,2.0,2.0,30.0
666,Morning,2026-02-05T08:56:23.000,43.663979349,-79.393306596,40.0,2.0,2.0,2.0,30.0
667,Morning,2026-02-05T08:56:24.000,43.663979613,-79.393306911,40.0,2.0,2.0,2.0,30.0
668,Morning,2026-02-05T08:56:25.000,43.663979876,-79.393307227,40.0,2.0,2.0,2.0,30.0
669,Morning,2026-02-05T08:56:26.000,43.66398014,-79.393307542,40.0,2.0,2.0,2.0,30.0
670,Morning,2026-02-05T08:56:27.000,43.663987897,-79.393301857,40.0,2.0,2.0,2.0,30.0
671,Morning,2026-02-05T08:56:28.000,43.663992766,-79.393288471,40.0,2.0,2.0,2.0,30.0
672,Morning,2026-02-05T08:56:29.000,43.663994985,-79.393283444,40.0,2.0,2.0,2.0,31.0
673,Morning,2026-02-05T08:56:30.000,43.663998819,-79.393276939,40.0,2.0,2.0,2.0,31.0
674,Morning,2026-02-05T08:56:31.000,43.664005891,-79.393264532,40.0,2.0,2.0,2.0,31.0
675,Morning,2026-02-05T08:56:32.000,43.664014701,-79.393252797,40.0,2.0,2.0,2.0,31.0
676,Morning,2026-02-05T08:56:33.000,43.664023909,-79.393242134,40.0,2.0,2.0,2.0,31.0
677,Morning,2026-02-05T08:56:34.000,43.664032653,-79.393231823,40.0,2.0,2.0,2.0,31.0
678,Morning,2026-02-05T08:56:35.000,43.664045958,-79.393219001,40.0,2.0,2.0,2.0,31.0
679,Morning,2026-02-05T08:56:36.000,43.6640556,-79.393208106,40.0,2.0,2.0,2.0,31.0
680,Morning,2026-02-05T08:56:37.000,43.664073419,-79.393206555,40.0,2.0,2.0,2.0,31.0
681,Morning,2026-02-05T08:56:38.000,43.664082854,-79.39319143,40.0,2.0,2.0,2.0,31.0
682,Morning,2026-02-05T08:56:39.000,43.664088809,-79.393177742,40.0,2.0,2.0,2.0,31.0
683,Morning,2026-02-05T08:56:40.000,43.664097337,-79.393162037,40.0,2.0,2.0,2.0,31.0
684,Morning,2026-02-05T08:56:41.000,43.66410405,-79.393152094,40.0,2.0,2.0,2.0,31.0
685,Morning,2026-02-05T08:56:42.000,43.66411479,-79.3931373,40.0,2.0,2.0,2.0,31.0
686,Morning,2026-02-05T08:56:43.000,43.664124971,-79.393123447,40.0,2.0,2.0,2.0,31.0
687,Morning,2026-02-05T08:56:44.000,43.664134125,-79.393107261,40.0,2.0,2.0,2.0,31.0
688,Morning,2026-02-05T08:56:45.000,43.664141488,-79.393091691,40.0,2.0,2.0,2.0,31.0
689,Morning,2026-02-05T08:56:46.000,43.664151314,-79.393080795,40.0,2.0,2.0,2.0,31.0
690,Morning,2026-02-05T08:56:47.000,43.664161032,-79.393065893,40.0,2.0,2.0,2.0,30.0
691,Morning,2026-02-05T08:56:48.000,43.66417169,-79.393048445,40.0,2.0,2.0,2.0,30.0
692,Morning,2026-02-05T08:56:49.000,43.664180821,-79.393033549,40.0,2.0,2.0,2.0,30.0
693,Morning,2026-02-05T08:56:50.000,43.664190381,-79.393020693,40.0,2.0,2.0,2.0,30.0
694,Morning,2026-02-05T08:56:51.000,43.664200197,-79.393004435,40.0,2.0,2.0,2.0,30.0
695,Morning,2026-02-05T08:56:52.000,43.664204118,-79.392992418,40.0,2.0,2.0,2.0,30.0
696,Morning,2026-02-05T08:56:53.000,43.664212962,-79.392974877,40.0,2.0,2.0,2.0,30.0
697,Morning,2026-02-05T08:56:54.000,43.664219569,-79.392961099,40.0,2.0,2.0,2.0,30.0
698,Morning,2026-02-05T08:56:55.000,43.664228116,-79.392945159,40.0,2.0,2.0,2.0,30.0
699,Morning,2026-02-05T08:56:56.000,43.66423561,-79.392934418,40.0,2.0,2.0,2.0,30.0
700,Morning,2026-02-05T08:56:57.000,43.664248036,-79.39292042,40.0,3.0,4.0,3.0,30.0
701,Morning,2026-02-05T08:56:58.000,43.664256589,-79.392906866,40.0,3.0,4.0,3.0,30.0
702,Morning,2026-02-05T08:56:59.000,43.664264342,-79.392894428,40.0,3.0,4.0,3.0,30.0
703,Morning,2026-02-05T08:57:00.000,43.664272171,-79.392882361,40.0,3.0,4.0,3.0,30.0
704,Morning,2026-02-05T08:57:01.000,43.664285611,-79.392870752,40.0,3.0,4.0,3.0,30.0
705,Morning,2026-02-05T08:57:02.000,43.664294318,-79.392857713,40.0,3.0,4.0,3.0,30.0
706,Morning,2026-02-05T08:57:03.000,43.664304035,-79.392839691,40.0,3.0,4.0,3.0,30.0
707,Morning,2026-02-05T08:57:04.000,43.664313419,-79.392823589,40.0,3.0,4.0,3.0,30.0
708,Morning,2026-02-05T08:57:05.000,43.664319691,-79.39280959,40.0,3.0,4.0,3.0,30.0
709,Morning,2026-02-05T08:57:06.000,43.664328379,-79.392796313,40.0,3.0,4.0,3.0,30.0
710,Morning,2026-02-05T08:57:07.000,43.664336808,-79.392778707,40.0,2.0,2.0,2.0,30.0
711,Morning,2026-02-05T08:57:08.000,43.664344686,-79.392764653,40.0,2.0,2.0,2.0,30.0
712,Morning,2026-02-05T08:57:09.000,43.664353584,-79.392750151,40.0,2.0,2.0,2.0,30.0
713,Morning,2026-02-05T08:57:10.000,43.664362268,-79.392735485,40.0,2.0,2.0,2.0,30.0
714,Morning,2026-02-05T08:57:11.000,43.664370909,-79.392721116,40.0,2.0,2.0,2.0,30.0
715,Morning,2026-02-05T08:57:12.000,43.664380005,-79.392708699,40.0,2.0,2.0,2.0,30.0
716,Morning,2026-02-05T08:57:13.000,43.664391003,-79.392692018,40.0,2.0,2.0,2.0,30.0
717,Morning,2026-02-05T08:57:14.000,43.664400513,-79.392678892,40.0,2.0,2.0,2.0,30.0
718,Morning,2026-02-05T08:57:15.000,43.664411656,-79.392667164,40.0,2.0,2.0,2.0,30.0
719,Morning,2026-02-05T08:57:16.000,43.664423616,-79.392652555,40.0,2.0,2.0,2.0,30.0
720,Morning,2026-02-05T08:57:17.000,43.664434098,-79.392640853,40.0,2.0,2.0,2.0,30.0
721,Morning,2026-02-05T08:57:18.000,43.664442373,-79.392629286,40.0,2.0,2.0,2.0,30.0
722,Morning,2026-02-05T08:57:19.000,43.664451766,-79.392614362,39.0,2.0,2.0,2.0,30.0
723,Morning,2026-02-05T08:57:20.000,43.66446071,-79.392600453,39.0,2.0,2.0,2.0,30.0
724,Morning,2026-02-05T08:57:21.000,43.664470376,-79.392588632,39.0,2.0,2.0,2.0,30.0
725,Morning,2026-02-05T08:57:22.000,43.664480504,-79.392577666,39.0,2.0,2.0,2.0,30.0
726,Morning,2026-02-05T08:57:23.000,43.664495682,-79.392568906,39.0,2.0,2.0,2.0,30.0
727,Morning,2026-02-05T08:57:24.000,43.664503648,-79.392561828,39.0,2.0,2.0,2.0,31.0
728,Morning,2026-02-05T08:57:25.000,43.664517817,-79.392552852,39.0,2.0,2.0,2.0,31.0
729,Morning,2026-02-05T08:57:26.000,43.664531059,-79.39254813,39.0,2.0,2.0,2.0,30.0
730,Morning,2026-02-05T08:57:27.000,43.664544026,-79.392539435,39.0,2.0,2.0,2.0,31.0
731,Morning,2026-02-05T08:57:28.000,43.66455562,-79.392534932,39.0,4.0,5.0,5.0,30.0
732,Morning,2026-02-05T08:57:29.000,43.664567124,-79.392525124,39.0,4.0,5.0,5.0,31.0
733,Morning,2026-02-05T08:57:30.000,43.664577513,-79.392515811,39.0,4.0,5.0,5.0,31.0
734,Morning,2026-02-05T08:57:31.000,43.664588688,-79.392506514,39.0,4.0,5.0,5.0,31.0
735,Morning,2026-02-05T08:57:32.000,43.664600796,-79.392496882,39.0,5.0,6.0,6.0,31.0
736,Morning,2026-02-05T08:57:33.000,43.66461218,-79.39248839,39.0,5.0,6.0,6.0,31.0
737,Morning,2026-02-05T08:57:34.000,43.664625442,-79.392482567,39.0,5.0,6.0,6.0,31.0
738,Morning,2026-02-05T08:57:35.000,43.66463596,-79.392480377,39.0,5.0,6.0,6.0,31.0
739,Morning,2026-02-05T08:57:36.000,43.664651978,-79.392477379,39.0,5.0,6.0,6.0,31.0
740,Morning,2026-02-05T08:57:37.000,43.664665492,-79.392477091,39.0,5.0,6.0,6.0,31.0
741,Morning,2026-02-05T08:57:38.000,43.66467794,-79.392476482,39.0,5.0,6.0,6.0,31.0
742,Morning,2026-02-05T08:57:39.000,43.664695111,-79.392479096,39.0,5.0,6.0,6.0,31.0
743,Morning,2026-02-05T08:57:40.000,43.664702885,-79.392485785,39.0,5.0,6.0,6.0,31.0
744,Morning,2026-02-05T08:57:41.000,43.664716499,-79.392487389,39.0,5.0,6.0,6.0,31.0
745,Morning,2026-02-05T08:57:42.000,43.664729443,-79.392495186,39.0,5.0,6.0,6.0,31.0
746,Morning,2026-02-05T08:57:43.000,43.664744761,-79.39250077,39.0,5.0,6.0,6.0,31.0
747,Morning,2026-02-05T08:57:44.000,43.664754236,-79.39250651,39.0,5.0,6.0,6.0,31.0
748,Morning,2026-02-05T08:57:45.000,43.664767084,-79.392511265,39.0,5.0,6.0,6.0,31.0
749,Morning,2026-02-05T08:57:46.000,43.664777181,-79.392517625,39.0,5.0,6.0,6.0,31.0
750,Morning,2026-02-05T08:57:47.000,43.664795363,-79.392523913,39.0,5.0,6.0,6.0,31.0
751,Morning,2026-02-05T08:57:48.000,43.664806283,-79.392533005,39.0,5.0,6.0,6.0,31.0
752,Morning,2026-02-05T08:57:49.000,43.664824218,-79.392551209,39.0,5.0,6.0,6.0,31.0
753,Morning,2026-02-05T08:57:50.000,43.664841623,-79.392554799,39.0,5.0,6.0,6.0,31.0
754,Morning,2026-02-05T08:57:51.000,43.664852325,-79.392565673,39.0,6.0,7.0,7.0,31.0
755,Morning,2026-02-05T08:57:52.000,43.664864271,-79.392573458,39.0,6.0,7.0,7.0,31.0
756,Morning,2026-02-05T08:57:53.000,43.664877566,-79.392586536,39.0,6.0,7.0,7.0,31.0
757,Morning,2026-02-05T08:57:54.000,43.664892405,-79.392587192,39.0,6.0,7.0,7.0,31.0
758,Morning,2026-02-05T08:57:55.000,43.66490588,-79.392596641,39.0,6.0,7.0,7.0,31.0
759,Morning,2026-02-05T08:57:56.000,43.664918804,-79.392605829,39.0,6.0,7.0,7.0,31.0
760,Morning,2026-02-05T08:57:57.000,43.664933833,-79.392606108,39.0,6.0,7.0,7.0,31.0
761,Morning,2026-02-05T08:57:58.000,43.66494828,-79.392607157,39.0,6.0,7.0,7.0,31.0
762,Morning,2026-02-05T08:57:59.000,43.664962945,-79.392611335,39.0,6.0,7.0,7.0,31.0
763,Morning,2026-02-05T08:58:00.000,43.664976364,-79.392616792,39.0,6.0,7.0,7.0,31.0
764,Morning,2026-02-05T08:58:01.000,43.664989025,-79.392623909,39.0,6.0,7.0,7.0,31.0
765,Morning,2026-02-05T08:58:02.000,43.665001862,-79.392629657,39.0,6.0,7.0,7.0,31.0
766,Morning,2026-02-05T08:58:03.000,43.665014337,-79.392640083,39.0,6.0,7.0,7.0,31.0
767,Morning,2026-02-05T08:58:04.000,43.665027797,-79.392643525,39.0,6.0,7.0,7.0,31.0
768,Morning,2026-02-05T08:58:05.000,43.665041586,-79.392648435,39.0,6.0,7.0,7.0,31.0
769,Morning,2026-02-05T08:58:06.000,43.665056129,-79.392654934,39.0,6.0,7.0,7.0,31.0
770,Morning,2026-02-05T08:58:07.000,43.665070343,-79.392661671,39.0,6.0,7.0,7.0,31.0
771,Morning,2026-02-05T08:58:08.000,43.665082943,-79.392667685,39.0,6.0,7.0,7.0,31.0
772,Morning,2026-02-05T08:58:09.000,43.665096669,-79.392677312,39.0,6.0,7.0,7.0,31.0
773,Morning,2026-02-05T08:58:11.000,43.66512184,-79.392691972,39.0,6.0,6.0,6.0,32.0
774,Morning,2026-02-05T08:58:12.000,43.665134143,-79.392698737,38.0,5.0,6.0,6.0,32.0
775,Morning,2026-02-05T08:58:14.000,43.665161555,-79.392706976,38.0,5.0,6.0,6.0,32.0
776,Morning,2026-02-05T08:58:15.000,43.665175556,-79.392712753,39.0,5.0,6.0,6.0,32.0
777,Morning,2026-02-05T08:58:16.000,43.665188753,-79.392721379,38.0,5.0,6.0,6.0,32.0
778,Morning,2026-02-05T08:58:17.000,43.665203974,-79.392721747,38.0,5.0,6.0,6.0,32.0
779,Morning,2026-02-05T08:58:18.000,43.665220358,-79.392721875,38.0,5.0,6.0,6.0,32.0
780,Morning,2026-02-05T08:58:20.000,43.665248287,-79.392732976,38.0,5.0,6.0,6.0,32.0
781,Morning,2026-02-05T08:58:21.000,43.665262617,-79.392736136,38.0,5.0,6.0,6.0,32.0
782,Morning,2026-02-05T08:58:23.000,43.665287915,-79.392751414,38.0,5.0,6.0,6.0,32.0
783,Morning,2026-02-05T08:58:24.000,43.665300888,-79.392754962,38.0,5.0,6.0,6.0,32.0
784,Morning,2026-02-05T08:58:26.000,43.665326224,-79.392769981,38.0,4.0,6.0,6.0,32.0
785,Morning,2026-02-05T08:58:27.000,43.665339185,-79.39277449,38.0,5.0,6.0,6.0,32.0
786,Morning,2026-02-05T08:58:29.000,43.665366936,-79.392777031,38.0,5.0,6.0,6.0,32.0
787,Morning,2026-02-05T08:58:30.000,43.665381149,-79.392778756,38.0,5.0,6.0,6.0,32.0
788,Morning,2026-02-05T08:58:32.000,43.665409505,-79.392766453,38.0,5.0,6.0,6.0,32.0
789,Morning,2026-02-05T08:58:33.000,43.665419157,-79.392748443,38.0,5.0,7.0,6.0,32.0
790,Morning,2026-02-05T08:58:35.000,43.665441738,-79.392720455,38.0,6.0,7.0,7.0,32.0
